OBS_DATETIME,STATIONCODE,TEMP,HUMI,WSPD_10,WDIR_10
2023-07-20 16:55:00,CG,29.9,82.0,1.4,128
2023-07-20 16:56:00,CG,30.0,81.0,1.3,131
2023-07-20 16:57:00,CG,30.0,80.0,1.2,130
2023-07-20 16:58:00,CG,30.0,79.0,1.3,132
2023-07-20 16:59:00,CG,30.0,79.0,1.3,131
2023-07-20 17:00:00,CG,30.2,79.0,1.2,132
2023-07-20 17:01:00,CG,30.2,79.0,1.2,134
2023-07-20 17:02:00,CG,30.3,78.0,1.2,130
2023-07-20 17:03:00,CG,30.3,79.0,1.1,124
2023-07-20 17:04:00,CG,30.3,79.0,1.1,124
2023-07-20 17:05:00,CG,30.4,78.0,1.1,127
2023-07-20 17:06:00,CG,30.3,78.0,1.0,125
2023-07-20 17:07:00,CG,,,1.0,119
2023-07-20 17:08:00,CG,30.3,78.0,0.9,109
2023-07-20 17:09:00,CG,30.3,78.0,0.9,111
2023-07-20 17:10:00,CG,,,1.0,109
2023-07-20 17:11:00,CG,30.3,78.0,0.9,110
2023-07-20 17:12:00,CG,30.3,78.0,1.0,116
2023-07-20 17:13:00,CG,30.2,78.0,1.0,116
2023-07-20 17:14:00,CG,30.1,78.0,1.0,112
2023-07-20 17:15:00,CG,30.0,80.0,1.1,107
2023-07-20 17:16:00,CG,30.0,80.0,1.1,102
2023-07-20 17:17:00,CG,30.1,81.0,1.1,105
2023-07-20 17:18:00,CG,30.1,80.0,1.2,105
2023-07-20 17:19:00,CG,30.0,79.0,1.1,107
2023-07-20 17:20:00,CG,30.0,79.0,1.2,111
2023-07-20 17:21:00,CG,30.0,79.0,1.2,116
2023-07-20 17:22:00,CG,30.0,78.0,1.1,112
2023-07-20 17:23:00,CG,30.0,78.0,1.2,115
2023-07-20 17:24:00,CG,29.9,79.0,1.1,109
2023-07-20 17:25:00,CG,29.9,80.0,1.1,110
2023-07-20 17:26:00,CG,29.9,80.0,1.1,119
2023-07-20 17:27:00,CG,29.9,80.0,1.1,122
2023-07-20 17:28:00,CG,29.8,80.0,1.1,116
2023-07-20 17:29:00,CG,29.9,81.0,1.1,113
2023-07-20 17:30:00,CG,29.9,80.0,1.1,118
2023-07-20 17:31:00,CG,29.9,79.0,1.2,120
2023-07-20 17:32:00,CG,29.8,79.0,1.2,122
2023-07-20 17:33:00,CG,29.8,79.0,1.3,121
2023-07-20 17:34:00,CG,29.8,79.0,1.3,124
2023-07-20 17:35:00,CG,29.8,80.0,1.3,129
2023-07-20 17:36:00,CG,29.7,79.0,1.2,141
2023-07-20 17:37:00,CG,29.7,80.0,1.2,138
2023-07-20 17:38:00,CG,29.7,80.0,1.3,145
2023-07-20 17:39:00,CG,29.6,79.0,1.3,153
2023-07-20 17:40:00,CG,29.6,80.0,1.3,148
2023-07-20 17:41:00,CG,29.6,80.0,1.2,145
2023-07-20 17:42:00,CG,29.6,80.0,1.2,146
2023-07-20 17:43:00,CG,29.6,80.0,1.1,144
2023-07-20 17:44:00,CG,29.6,80.0,1.1,147
2023-07-20 17:45:00,CG,29.6,80.0,1.1,140
2023-07-20 17:46:00,CG,29.6,79.0,1.2,138
2023-07-20 17:47:00,CG,29.6,78.0,1.2,148
2023-07-20 17:48:00,CG,29.6,79.0,1.1,144
2023-07-20 17:49:00,CG,29.6,79.0,1.1,134
2023-07-20 17:50:00,CG,29.5,77.0,1.1,139
2023-07-20 17:51:00,CG,29.5,79.0,1.1,136
2023-07-20 17:52:00,CG,29.5,79.0,1.1,135
2023-07-20 17:53:00,CG,29.5,78.0,1.2,144
2023-07-20 17:54:00,CG,29.5,78.0,1.3,147
2023-07-20 17:55:00,CG,29.4,78.0,1.2,150
2023-07-20 17:56:00,CG,29.5,78.0,1.2,147
2023-07-20 17:57:00,CG,29.5,78.0,1.2,138
2023-07-20 17:58:00,CG,29.5,79.0,1.2,130
2023-07-20 17:59:00,CG,29.5,79.0,1.3,136
2023-07-20 18:00:00,CG,29.4,79.0,1.2,134
2023-07-20 18:01:00,CG,29.5,79.0,1.3,137
2023-07-20 18:02:00,CG,29.5,79.0,1.3,134
2023-07-20 18:03:00,CG,29.4,80.0,1.3,132
2023-07-20 18:04:00,CG,29.4,80.0,1.2,124
2023-07-20 18:05:00,CG,29.4,80.0,1.2,117
2023-07-20 18:06:00,CG,29.4,80.0,1.1,120
2023-07-20 18:07:00,CG,29.4,81.0,1.1,126
2023-07-20 18:08:00,CG,29.4,80.0,1.0,130
2023-07-20 18:09:00,CG,29.3,80.0,1.0,132
2023-07-20 18:10:00,CG,29.3,79.0,1.2,132
2023-07-20 18:11:00,CG,29.3,79.0,1.1,134
2023-07-20 18:12:00,CG,29.3,80.0,1.1,131
2023-07-20 18:13:00,CG,29.3,80.0,1.1,130
2023-07-20 18:14:00,CG,29.3,80.0,1.1,136
2023-07-20 18:15:00,CG,29.3,80.0,1.1,138
2023-07-20 18:16:00,CG,29.3,79.0,1.2,139
2023-07-20 18:17:00,CG,29.3,80.0,1.2,135
2023-07-20 18:18:00,CG,29.3,80.0,1.2,133
2023-07-20 18:19:00,CG,29.4,80.0,1.1,134
2023-07-20 18:20:00,CG,29.4,80.0,1.0,128
2023-07-20 18:21:00,CG,29.4,81.0,1.0,120
2023-07-20 18:22:00,CG,29.3,80.0,1.1,121
2023-07-20 18:23:00,CG,29.3,80.0,1.1,125
2023-07-20 18:24:00,CG,29.3,80.0,1.1,125
2023-07-20 18:25:00,CG,29.3,80.0,1.0,126
2023-07-20 18:26:00,CG,29.2,80.0,1.0,124
2023-07-20 18:27:00,CG,29.2,80.0,1.0,126
2023-07-20 18:28:00,CG,29.2,80.0,0.9,132
2023-07-20 18:29:00,CG,29.1,80.0,1.0,138
2023-07-20 18:30:00,CG,29.1,80.0,1.0,137
2023-07-20 18:31:00,CG,29.2,80.0,0.8,135
2023-07-20 18:33:00,CG,29.2,79.0,0.8,126
2023-07-20 18:34:00,CG,29.2,78.0,0.8,125
2023-07-20 18:35:00,CG,29.2,79.0,0.8,129
2023-07-20 18:36:00,CG,29.1,79.0,0.8,133
2023-07-20 18:37:00,CG,29.1,79.0,0.8,122
2023-07-20 18:38:00,CG,29.1,79.0,0.8,121
2023-07-20 18:39:00,CG,29.1,80.0,0.8,110
2023-07-20 18:40:00,CG,29.2,80.0,0.8,119
2023-07-20 18:41:00,CG,29.2,79.0,0.8,136
2023-07-20 18:42:00,CG,29.2,79.0,0.8,121
2023-07-20 18:43:00,CG,29.2,80.0,0.8,109
2023-07-20 18:44:00,CG,29.1,80.0,0.7,126
2023-07-20 18:45:00,CG,29.1,78.0,0.7,124
2023-07-20 18:46:00,CG,29.1,79.0,0.7,121
2023-07-20 18:47:00,CG,29.1,78.0,0.7,129
2023-07-20 18:48:00,CG,29.1,78.0,0.8,128
2023-07-20 18:49:00,CG,29.1,78.0,0.8,132
2023-07-20 18:50:00,CG,29.1,79.0,0.8,130
2023-07-20 18:51:00,CG,29.1,79.0,0.8,120
2023-07-20 18:52:00,CG,29.1,79.0,0.8,128
2023-07-20 18:53:00,CG,29.1,79.0,0.8,134
2023-07-20 18:54:00,CG,29.0,77.0,0.8,131
2023-07-20 18:55:00,CG,29.0,76.0,0.8,129
2023-07-20 18:56:00,CG,29.0,76.0,0.8,128
2023-07-20 18:57:00,CG,29.0,76.0,0.7,123
2023-07-20 18:58:00,CG,29.0,76.0,0.6,123
2023-07-20 18:59:00,CG,29.0,77.0,0.6,120
2023-07-20 19:00:00,CG,29.0,77.0,0.6,119
2023-07-20 19:01:00,CG,29.0,78.0,0.6,114
2023-07-20 19:02:00,CG,29.0,79.0,0.5,107
2023-07-20 19:03:00,CG,28.9,78.0,0.5,101
2023-07-20 19:04:00,CG,,,0.5,95
2023-07-20 19:05:00,CG,28.8,79.0,0.5,96
2023-07-20 19:06:00,CG,28.8,79.0,0.6,87
2023-07-20 19:07:00,CG,28.8,79.0,0.6,81
2023-07-20 19:08:00,CG,,,0.5,93
2023-07-20 19:09:00,CG,,,0.5,116
2023-07-20 19:10:00,CG,28.7,78.0,0.6,121
2023-07-20 19:11:00,CG,28.7,78.0,0.7,129
2023-07-20 19:12:00,CG,28.7,79.0,0.8,132
2023-07-20 19:13:00,CG,28.7,78.0,0.8,129
2023-07-20 19:14:00,CG,28.7,78.0,0.8,125
2023-07-20 19:15:00,CG,28.7,78.0,0.8,132
2023-07-20 19:16:00,CG,28.8,78.0,0.8,142
2023-07-20 19:17:00,CG,28.8,79.0,0.8,161
2023-07-20 19:18:00,CG,28.8,79.0,0.8,149
2023-07-20 19:19:00,CG,28.8,79.0,0.9,131
2023-07-20 19:20:00,CG,28.7,78.0,0.8,129
2023-07-20 19:21:00,CG,28.7,80.0,0.8,124
2023-07-20 19:22:00,CG,28.7,79.0,0.8,119
2023-07-20 19:23:00,CG,28.7,79.0,0.8,112
2023-07-20 19:24:00,CG,28.7,80.0,0.7,76
2023-07-20 19:25:00,CG,28.7,79.0,0.7,346
2023-07-20 19:26:00,CG,28.7,79.0,0.7,20
2023-07-20 19:27:00,CG,28.7,80.0,0.8,89
2023-07-20 19:28:00,CG,28.6,79.0,0.9,133
2023-07-20 19:29:00,CG,28.7,79.0,0.8,137
2023-07-20 19:30:00,CG,28.7,79.0,0.8,152
2023-07-20 19:31:00,CG,28.7,80.0,0.7,176
2023-07-20 19:32:00,CG,28.6,80.0,0.7,204
2023-07-20 19:33:00,CG,28.6,80.0,0.6,182
2023-07-20 19:34:00,CG,28.6,81.0,0.6,268
2023-07-20 19:35:00,CG,28.7,81.0,0.5,247
2023-07-20 19:36:00,CG,28.6,81.0,0.5,201
2023-07-20 19:37:00,CG,28.6,80.0,0.5,165
2023-07-20 19:38:00,CG,28.6,80.0,0.6,170
2023-07-20 19:39:00,CG,28.6,80.0,0.8,185
2023-07-20 19:40:00,CG,28.6,80.0,0.9,174
2023-07-20 19:41:00,CG,28.6,80.0,1.0,160
2023-07-20 19:42:00,CG,28.6,80.0,1.1,152
2023-07-20 19:43:00,CG,28.7,80.0,1.1,155
2023-07-20 19:44:00,CG,28.7,80.0,1.2,151
2023-07-20 19:45:00,CG,28.7,80.0,1.2,156
2023-07-20 19:46:00,CG,28.7,80.0,1.3,155
2023-07-20 19:47:00,CG,28.7,81.0,1.2,157
2023-07-20 19:48:00,CG,28.7,81.0,1.0,156
2023-07-20 19:49:00,CG,28.7,81.0,0.9,157
2023-07-20 19:50:00,CG,28.6,82.0,0.8,156
2023-07-20 19:51:00,CG,28.6,82.0,0.8,157
2023-07-20 19:52:00,CG,28.6,82.0,0.9,163
2023-07-20 19:53:00,CG,28.5,82.0,0.9,167
2023-07-20 19:54:00,CG,28.5,82.0,1.0,168
2023-07-20 19:55:00,CG,28.6,83.0,0.9,146
2023-07-20 19:56:00,CG,28.5,83.0,0.9,142
2023-07-20 19:57:00,CG,28.5,83.0,1.0,158
2023-07-20 19:58:00,CG,,,1.1,158
2023-07-20 19:59:00,CG,28.5,83.0,1.2,152
2023-07-20 20:00:00,CG,28.5,83.0,1.1,154
2023-07-20 20:01:00,CG,28.5,83.0,1.2,151
2023-07-20 20:02:00,CG,28.5,83.0,1.2,148
2023-07-20 20:03:00,CG,28.5,83.0,1.3,145
2023-07-20 20:04:00,CG,28.5,84.0,1.4,149
2023-07-20 20:05:00,CG,28.5,84.0,1.5,163
2023-07-20 20:06:00,CG,28.5,84.0,1.6,164
2023-07-20 20:07:00,CG,28.5,84.0,1.6,163
2023-07-20 20:08:00,CG,28.4,84.0,1.7,163
2023-07-20 20:09:00,CG,28.4,84.0,1.6,165
2023-07-20 20:10:00,CG,28.4,84.0,1.6,166
2023-07-20 20:11:00,CG,28.5,84.0,1.6,171
2023-07-20 20:12:00,CG,28.5,85.0,1.6,173
2023-07-20 20:13:00,CG,28.5,84.0,1.4,167
2023-07-20 20:14:00,CG,28.5,85.0,1.2,156
2023-07-20 20:15:00,CG,28.5,85.0,1.1,163
2023-07-20 20:16:00,CG,28.5,85.0,0.9,206
2023-07-20 20:17:00,CG,28.5,85.0,0.9,204
2023-07-20 20:18:00,CG,28.5,85.0,0.8,180
2023-07-20 20:19:00,CG,28.5,85.0,0.7,149
2023-07-20 20:20:00,CG,28.5,85.0,0.7,123
2023-07-20 20:21:00,CG,28.4,85.0,0.7,140
2023-07-20 20:22:00,CG,28.3,85.0,0.7,139
2023-07-20 20:23:00,CG,28.3,85.0,0.7,130
2023-07-20 20:24:00,CG,28.3,85.0,0.9,140
2023-07-20 20:25:00,CG,28.3,85.0,1.1,136
2023-07-20 20:26:00,CG,28.3,85.0,1.2,137
2023-07-20 20:27:00,CG,28.4,85.0,1.1,127
2023-07-20 20:28:00,CG,28.4,85.0,1.1,124
2023-07-20 20:29:00,CG,28.4,85.0,1.1,130
2023-07-20 20:30:00,CG,28.3,85.0,1.0,134
2023-07-20 20:31:00,CG,28.3,85.0,1.0,133
2023-07-20 20:32:00,CG,28.3,84.0,0.9,129
2023-07-20 20:33:00,CG,28.3,84.0,0.9,127
2023-07-20 20:34:00,CG,28.3,85.0,0.7,125
2023-07-20 20:35:00,CG,28.3,84.0,0.6,126
2023-07-20 20:36:00,CG,28.3,84.0,0.5,123
2023-07-20 20:37:00,CG,28.3,85.0,0.5,128
2023-07-20 20:38:00,CG,28.3,85.0,0.5,131
2023-07-20 20:39:00,CG,28.3,85.0,0.6,127
2023-07-20 20:40:00,CG,28.3,85.0,0.6,126
2023-07-20 20:41:00,CG,28.3,85.0,0.6,125
2023-07-20 20:42:00,CG,28.3,85.0,0.7,125
2023-07-20 20:43:00,CG,28.3,85.0,0.7,123
2023-07-20 20:44:00,CG,28.3,86.0,0.7,119
2023-07-20 20:45:00,CG,28.3,86.0,0.7,123
2023-07-20 20:46:00,CG,28.3,86.0,0.7,130
2023-07-20 20:47:00,CG,28.3,86.0,0.7,122
2023-07-20 20:48:00,CG,28.3,86.0,0.8,111
2023-07-20 20:49:00,CG,,,0.8,121
2023-07-20 20:50:00,CG,28.2,86.0,0.8,128
2023-07-20 20:51:00,CG,28.2,86.0,0.8,119
2023-07-20 20:52:00,CG,28.2,86.0,0.8,113
2023-07-20 20:53:00,CG,28.3,86.0,1.0,119
2023-07-20 20:54:00,CG,28.2,86.0,1.1,124
2023-07-20 20:55:00,CG,,,1.1,124
2023-07-20 20:56:00,CG,28.3,86.0,1.1,128
2023-07-20 20:57:00,CG,28.3,86.0,1.1,133
2023-07-20 20:58:00,CG,28.3,86.0,1.1,130
2023-07-20 20:59:00,CG,,,1.0,126
2023-07-20 21:00:00,CG,28.2,86.0,0.9,124
2023-07-20 21:01:00,CG,28.2,86.0,1.0,129
2023-07-20 21:02:00,CG,28.2,86.0,1.0,131
2023-07-20 21:03:00,CG,28.2,85.0,1.0,130
2023-07-20 21:04:00,CG,28.2,85.0,0.9,128
2023-07-20 21:05:00,CG,28.2,86.0,1.0,127
2023-07-20 21:06:00,CG,,,1.0,121
2023-07-20 21:07:00,CG,28.2,86.0,1.1,126
2023-07-20 21:08:00,CG,28.2,85.0,1.0,130
2023-07-20 21:09:00,CG,28.2,85.0,1.1,135
2023-07-20 21:10:00,CG,28.2,85.0,1.1,131
2023-07-20 21:11:00,CG,28.2,85.0,1.1,133
2023-07-20 21:12:00,CG,28.2,84.0,1.1,133
2023-07-20 21:13:00,CG,28.2,84.0,1.0,135
2023-07-20 21:14:00,CG,28.2,84.0,1.0,137
2023-07-20 21:15:00,CG,28.2,85.0,1.0,137
2023-07-20 21:16:00,CG,28.2,85.0,0.9,139
2023-07-20 21:17:00,CG,28.1,84.0,0.9,140
2023-07-20 21:18:00,CG,28.2,85.0,0.9,131
2023-07-20 21:19:00,CG,28.2,85.0,1.0,132
2023-07-20 21:20:00,CG,28.1,85.0,1.0,138
2023-07-20 21:21:00,CG,28.1,85.0,1.0,136
2023-07-20 21:22:00,CG,28.2,85.0,0.9,141
2023-07-20 21:23:00,CG,28.2,85.0,0.9,142
2023-07-20 21:24:00,CG,28.2,85.0,0.8,136
2023-07-20 21:25:00,CG,28.2,85.0,0.8,135
2023-07-20 21:26:00,CG,28.2,85.0,0.7,145
2023-07-20 21:27:00,CG,28.2,85.0,0.7,167
2023-07-20 21:28:00,CG,28.2,86.0,0.6,90
2023-07-20 21:29:00,CG,28.2,86.0,0.5,76
2023-07-20 21:30:00,CG,28.1,86.0,0.4,95
2023-07-20 21:31:00,CG,28.1,86.0,0.4,103
2023-07-20 21:32:00,CG,28.1,86.0,0.4,87
2023-07-20 21:33:00,CG,28.1,87.0,0.4,79
2023-07-20 21:34:00,CG,28.1,87.0,0.5,89
2023-07-20 21:35:00,CG,28.1,87.0,0.5,100
2023-07-20 21:36:00,CG,28.1,87.0,0.5,122
2023-07-20 21:37:00,CG,28.1,87.0,0.6,120
2023-07-20 21:38:00,CG,28.1,87.0,0.6,127
2023-07-20 21:39:00,CG,28.1,88.0,0.7,139
2023-07-20 21:40:00,CG,28.0,87.0,0.7,140
2023-07-20 21:41:00,CG,28.0,88.0,0.7,144
2023-07-20 21:42:00,CG,28.1,88.0,0.7,138
2023-07-20 21:43:00,CG,28.0,88.0,0.6,141
2023-07-20 21:44:00,CG,28.0,88.0,0.6,136
2023-07-20 21:45:00,CG,28.0,88.0,0.6,95
2023-07-20 21:46:00,CG,28.0,88.0,0.6,47
2023-07-20 21:47:00,CG,28.0,88.0,0.6,340
2023-07-20 21:48:00,CG,27.9,88.0,0.5,298
2023-07-20 21:49:00,CG,27.9,88.0,0.5,152
2023-07-20 21:50:00,CG,28.0,88.0,0.5,109
2023-07-20 21:51:00,CG,28.0,87.0,0.5,107
2023-07-20 21:52:00,CG,28.0,87.0,0.6,134
2023-07-20 21:53:00,CG,28.1,87.0,0.7,158
2023-07-20 21:54:00,CG,28.1,87.0,0.8,173
2023-07-20 21:55:00,CG,28.1,87.0,0.8,171
2023-07-20 21:56:00,CG,28.1,87.0,0.8,166
2023-07-20 21:57:00,CG,28.1,87.0,0.9,155
2023-07-20 21:58:00,CG,28.1,88.0,1.0,160
2023-07-20 21:59:00,CG,28.0,87.0,1.1,161
2023-07-20 22:00:00,CG,28.0,88.0,1.1,163
2023-07-20 22:01:00,CG,28.1,88.0,1.1,161
2023-07-20 22:02:00,CG,28.0,88.0,1.1,159
2023-07-20 22:03:00,CG,28.0,87.0,1.2,158
2023-07-20 22:04:00,CG,28.0,87.0,1.3,155
2023-07-20 22:05:00,CG,28.0,87.0,1.4,152
2023-07-20 22:06:00,CG,28.1,87.0,1.5,151
2023-07-20 22:07:00,CG,28.1,87.0,1.5,153
2023-07-20 22:08:00,CG,28.1,87.0,1.4,150
2023-07-20 22:09:00,CG,,,1.3,149
2023-07-20 22:10:00,CG,28.1,87.0,1.3,152
2023-07-20 22:11:00,CG,28.1,87.0,1.3,155
2023-07-20 22:12:00,CG,28.1,87.0,1.3,158
2023-07-20 22:13:00,CG,28.1,87.0,1.2,158
2023-07-20 22:14:00,CG,28.1,87.0,1.0,162
2023-07-20 22:15:00,CG,28.1,87.0,1.0,164
2023-07-20 22:16:00,CG,28.1,87.0,0.9,167
2023-07-20 22:17:00,CG,28.1,86.0,0.9,171
2023-07-20 22:18:00,CG,28.1,86.0,0.9,178
2023-07-20 22:19:00,CG,28.1,86.0,0.8,184
2023-07-20 22:20:00,CG,28.1,86.0,0.7,195
2023-07-20 22:21:00,CG,28.1,86.0,0.7,204
2023-07-20 22:22:00,CG,28.1,86.0,0.6,213
2023-07-20 22:23:00,CG,28.2,86.0,0.5,228
2023-07-20 22:24:00,CG,28.2,86.0,0.5,249
2023-07-20 22:25:00,CG,28.1,86.0,0.4,50
2023-07-20 22:26:00,CG,28.2,86.0,0.4,117
2023-07-20 22:27:00,CG,28.2,85.0,0.4,166
2023-07-20 22:28:00,CG,28.2,85.0,0.4,169
2023-07-20 22:29:00,CG,28.2,85.0,0.5,144
2023-07-20 22:30:00,CG,28.1,85.0,0.5,140
2023-07-20 22:31:00,CG,28.1,86.0,0.6,134
2023-07-20 22:32:00,CG,28.1,86.0,0.7,122
2023-07-20 22:33:00,CG,28.1,86.0,0.7,120
2023-07-20 22:34:00,CG,28.1,86.0,0.7,130
2023-07-20 22:35:00,CG,28.1,85.0,0.8,138
2023-07-20 22:36:00,CG,28.1,85.0,0.7,137
2023-07-20 22:37:00,CG,28.1,85.0,0.8,132
2023-07-20 22:38:00,CG,28.1,85.0,0.7,129
2023-07-20 22:39:00,CG,28.1,85.0,0.7,132
2023-07-20 22:40:00,CG,28.1,86.0,0.6,131
2023-07-20 22:41:00,CG,28.0,86.0,0.5,131
2023-07-20 22:42:00,CG,28.0,86.0,0.5,127
2023-07-20 22:43:00,CG,,,0.5,121
2023-07-20 22:44:00,CG,28.0,86.0,0.5,120
2023-07-20 22:45:00,CG,27.9,86.0,0.5,118
2023-07-20 22:46:00,CG,27.9,85.0,0.4,128
2023-07-20 22:47:00,CG,27.9,85.0,0.4,128
2023-07-20 22:48:00,CG,27.9,85.0,0.4,127
2023-07-20 22:49:00,CG,27.9,86.0,0.4,126
2023-07-20 22:50:00,CG,27.9,86.0,0.5,127
2023-07-20 22:51:00,CG,27.9,85.0,0.6,126
2023-07-20 22:52:00,CG,27.8,86.0,0.6,126
2023-07-20 22:53:00,CG,27.8,86.0,0.6,131
2023-07-20 22:54:00,CG,27.8,86.0,0.7,133
2023-07-20 22:55:00,CG,27.8,86.0,0.7,132
2023-07-20 22:56:00,CG,27.8,86.0,0.7,127
2023-07-20 22:57:00,CG,27.8,86.0,0.7,131
2023-07-20 22:58:00,CG,,,0.7,135
2023-07-20 22:59:00,CG,27.8,86.0,0.7,132
2023-07-20 23:00:00,CG,27.9,86.0,0.6,130
2023-07-20 23:01:00,CG,27.9,87.0,0.6,130
2023-07-20 23:02:00,CG,27.9,87.0,0.6,134
2023-07-20 23:03:00,CG,27.9,87.0,0.6,131
2023-07-20 23:04:00,CG,27.9,87.0,0.5,126
2023-07-20 23:05:00,CG,27.9,87.0,0.4,129
2023-07-20 23:06:00,CG,27.8,88.0,0.5,128
2023-07-20 23:07:00,CG,27.8,88.0,0.5,117
2023-07-20 23:08:00,CG,27.8,88.0,0.5,112
2023-07-20 23:09:00,CG,27.8,88.0,0.5,115
2023-07-20 23:10:00,CG,27.8,89.0,0.6,117
2023-07-20 23:11:00,CG,27.7,89.0,0.7,121
2023-07-20 23:12:00,CG,27.7,89.0,0.6,119
2023-07-20 23:13:00,CG,27.8,89.0,0.6,122
2023-07-20 23:14:00,CG,27.8,89.0,0.6,129
2023-07-20 23:15:00,CG,27.7,88.0,0.6,130
2023-07-20 23:16:00,CG,27.7,88.0,0.6,128
2023-07-20 23:17:00,CG,27.8,88.0,0.5,134
2023-07-20 23:18:00,CG,27.8,88.0,0.5,141
2023-07-20 23:19:00,CG,27.8,88.0,0.5,142
2023-07-20 23:20:00,CG,27.8,88.0,0.4,137
2023-07-20 23:21:00,CG,27.8,88.0,0.4,135
2023-07-20 23:22:00,CG,27.8,87.0,0.4,139
2023-07-20 23:23:00,CG,27.8,87.0,0.4,127
2023-07-20 23:24:00,CG,27.8,88.0,0.4,129
2023-07-20 23:25:00,CG,27.8,87.0,0.4,133
2023-07-20 23:26:00,CG,27.8,87.0,0.4,139
2023-07-20 23:27:00,CG,27.8,87.0,0.4,132
2023-07-20 23:28:00,CG,27.8,87.0,0.4,129
2023-07-20 23:29:00,CG,27.8,87.0,0.4,139
2023-07-20 23:30:00,CG,27.8,87.0,0.4,132
2023-07-20 23:31:00,CG,27.9,87.0,0.4,137
2023-07-20 23:32:00,CG,27.9,87.0,0.4,149
2023-07-20 23:33:00,CG,27.9,88.0,0.4,144
2023-07-20 23:34:00,CG,27.9,88.0,0.4,151
2023-07-20 23:35:00,CG,27.9,88.0,0.5,160
2023-07-20 23:36:00,CG,27.8,88.0,0.5,141
2023-07-20 23:37:00,CG,27.8,88.0,0.4,156
2023-07-20 23:38:00,CG,27.8,88.0,0.5,162
2023-07-20 23:39:00,CG,27.8,88.0,0.5,143
2023-07-20 23:40:00,CG,27.8,88.0,0.5,137
2023-07-20 23:41:00,CG,27.8,88.0,0.5,140
2023-07-20 23:42:00,CG,27.8,89.0,0.5,121
2023-07-20 23:43:00,CG,27.7,89.0,0.5,148
2023-07-20 23:44:00,CG,27.7,89.0,0.5,142
2023-07-20 23:45:00,CG,27.7,89.0,0.5,118
2023-07-20 23:46:00,CG,27.7,89.0,0.5,119
2023-07-20 23:47:00,CG,27.7,89.0,0.5,109
2023-07-20 23:48:00,CG,27.6,90.0,0.5,104
2023-07-20 23:49:00,CG,27.6,90.0,0.5,111
2023-07-20 23:50:00,CG,27.6,90.0,0.4,127
2023-07-20 23:51:00,CG,27.6,90.0,0.4,121
2023-07-20 23:52:00,CG,27.7,90.0,0.5,117
2023-07-20 23:53:00,CG,27.7,90.0,0.5,109
2023-07-20 23:54:00,CG,27.6,90.0,0.5,108
2023-07-20 23:55:00,CG,27.6,90.0,0.5,107
2023-07-20 23:56:00,CG,27.6,90.0,0.5,110
2023-07-20 23:57:00,CG,27.5,90.0,0.5,115
2023-07-20 23:58:00,CG,27.5,90.0,0.5,118
2023-07-20 23:59:00,CG,27.6,90.0,0.6,115
2023-07-21 00:00:00,CG,27.6,90.0,0.6,114
2023-07-21 00:01:00,CG,27.6,90.0,0.6,112
2023-07-21 00:02:00,CG,27.6,90.0,0.5,113
2023-07-21 00:03:00,CG,27.7,90.0,0.5,113
2023-07-21 00:04:00,CG,27.6,90.0,0.5,114
2023-07-21 00:05:00,CG,27.6,90.0,0.5,117
2023-07-21 00:06:00,CG,27.6,90.0,0.5,117
2023-07-21 00:07:00,CG,27.6,91.0,0.5,119
2023-07-21 00:08:00,CG,27.6,91.0,0.4,113
2023-07-21 00:09:00,CG,27.6,91.0,0.4,122
2023-07-21 00:10:00,CG,27.6,91.0,0.4,136
2023-07-21 00:11:00,CG,27.6,91.0,0.4,142
2023-07-21 00:12:00,CG,27.6,91.0,0.4,144
2023-07-21 00:13:00,CG,27.6,90.0,0.4,140
2023-07-21 00:14:00,CG,27.6,91.0,0.4,128
2023-07-21 00:15:00,CG,27.6,91.0,0.5,140
2023-07-21 00:16:00,CG,27.6,91.0,0.4,151
2023-07-21 00:17:00,CG,27.6,91.0,0.5,127
2023-07-21 00:18:00,CG,27.6,91.0,0.5,155
2023-07-21 00:19:00,CG,27.6,91.0,0.5,213
2023-07-21 00:20:00,CG,27.6,90.0,0.5,144
2023-07-21 00:21:00,CG,27.6,90.0,0.5,104
2023-07-21 00:22:00,CG,27.5,90.0,0.5,94
2023-07-21 00:23:00,CG,27.5,91.0,0.4,92
2023-07-21 00:24:00,CG,27.5,91.0,0.4,113
2023-07-21 00:25:00,CG,27.5,91.0,0.5,129
2023-07-21 00:26:00,CG,27.4,90.0,0.5,118
2023-07-21 00:27:00,CG,27.5,91.0,0.5,121
2023-07-21 00:28:00,CG,27.5,91.0,0.5,135
2023-07-21 00:29:00,CG,27.4,89.0,0.5,132
2023-07-21 00:30:00,CG,27.4,89.0,0.4,122
2023-07-21 00:31:00,CG,27.4,89.0,0.5,129
2023-07-21 00:32:00,CG,27.4,88.0,0.5,138
2023-07-21 00:33:00,CG,27.4,88.0,0.5,138
2023-07-21 00:34:00,CG,27.5,88.0,0.5,136
2023-07-21 00:35:00,CG,,,0.5,135
2023-07-21 00:36:00,CG,27.5,88.0,0.5,137
2023-07-21 00:37:00,CG,27.6,88.0,0.5,140
2023-07-21 00:38:00,CG,27.6,88.0,0.5,133
2023-07-21 00:39:00,CG,27.6,88.0,0.5,131
2023-07-21 00:40:00,CG,,,0.5,115
2023-07-21 00:41:00,CG,27.6,88.0,0.5,109
2023-07-21 00:42:00,CG,27.6,88.0,0.5,108
2023-07-21 00:43:00,CG,27.6,88.0,0.5,104
2023-07-21 00:44:00,CG,27.5,89.0,0.5,108
2023-07-21 00:45:00,CG,27.5,89.0,0.4,102
2023-07-21 00:46:00,CG,27.5,89.0,0.4,101
2023-07-21 00:47:00,CG,27.5,89.0,0.4,98
2023-07-21 00:48:00,CG,27.5,89.0,0.4,101
2023-07-21 00:49:00,CG,27.5,89.0,0.4,98
2023-07-21 00:50:00,CG,27.4,89.0,0.4,102
2023-07-21 00:51:00,CG,27.5,89.0,0.4,95
2023-07-21 00:52:00,CG,27.5,89.0,0.4,95
2023-07-21 00:53:00,CG,27.5,89.0,0.4,108
2023-07-21 00:54:00,CG,27.5,89.0,0.4,98
2023-07-21 00:55:00,CG,27.5,89.0,0.4,102
2023-07-21 00:56:00,CG,27.5,88.0,0.4,123
2023-07-21 00:57:00,CG,27.5,88.0,0.5,140
2023-07-21 00:58:00,CG,27.5,88.0,0.4,136
2023-07-21 00:59:00,CG,27.5,88.0,0.4,121
2023-07-21 01:00:00,CG,,,0.4,125
2023-07-21 01:01:00,CG,27.6,88.0,0.5,139
2023-07-21 01:02:00,CG,27.5,88.0,0.4,143
2023-07-21 01:03:00,CG,27.6,88.0,0.4,144
2023-07-21 01:04:00,CG,27.6,88.0,0.4,152
2023-07-21 01:05:00,CG,27.6,88.0,0.4,146
2023-07-21 01:06:00,CG,27.6,88.0,0.4,139
2023-07-21 01:07:00,CG,27.6,88.0,0.3,130
2023-07-21 01:08:00,CG,27.6,88.0,0.3,125
2023-07-21 01:09:00,CG,27.6,89.0,0.3,124
2023-07-21 01:10:00,CG,27.6,89.0,0.4,123
2023-07-21 01:11:00,CG,27.6,88.0,0.3,126
2023-07-21 01:12:00,CG,27.6,88.0,0.3,127
2023-07-21 01:13:00,CG,27.6,88.0,0.3,128
2023-07-21 01:14:00,CG,27.6,88.0,0.3,120
2023-07-21 01:15:00,CG,27.6,89.0,0.4,120
2023-07-21 01:16:00,CG,27.6,88.0,0.4,120
2023-07-21 01:17:00,CG,27.6,88.0,0.5,124
2023-07-21 01:18:00,CG,27.6,89.0,0.5,127
2023-07-21 01:19:00,CG,27.6,89.0,0.5,129
2023-07-21 01:20:00,CG,27.6,88.0,0.5,125
2023-07-21 01:21:00,CG,27.6,89.0,0.5,122
2023-07-21 01:22:00,CG,27.5,88.0,0.6,124
2023-07-21 01:23:00,CG,27.5,88.0,0.6,120
2023-07-21 01:24:00,CG,27.5,88.0,0.6,123
2023-07-21 01:25:00,CG,27.5,87.0,0.6,126
2023-07-21 01:26:00,CG,27.5,87.0,0.6,128
2023-07-21 01:27:00,CG,,,0.6,124
2023-07-21 01:28:00,CG,27.6,86.0,0.6,129
2023-07-21 01:29:00,CG,27.6,87.0,0.7,128
2023-07-21 01:30:00,CG,27.6,87.0,0.7,131
2023-07-21 01:31:00,CG,27.6,87.0,0.7,131
2023-07-21 01:32:00,CG,27.6,86.0,0.7,130
2023-07-21 01:33:00,CG,27.5,87.0,0.8,129
2023-07-21 01:34:00,CG,27.6,87.0,0.8,131
2023-07-21 01:35:00,CG,27.5,86.0,0.7,133
2023-07-21 01:36:00,CG,27.5,86.0,0.7,131
2023-07-21 01:37:00,CG,27.5,86.0,0.6,131
2023-07-21 01:38:00,CG,27.6,86.0,0.6,127
2023-07-21 01:39:00,CG,,,0.5,128
2023-07-21 01:40:00,CG,27.6,86.0,0.5,125
2023-07-21 01:41:00,CG,27.5,86.0,0.6,128
2023-07-21 01:42:00,CG,27.5,86.0,0.5,128
2023-07-21 01:43:00,CG,27.5,85.0,0.5,129
2023-07-21 01:44:00,CG,27.5,85.0,0.5,127
2023-07-21 01:45:00,CG,27.6,86.0,0.4,123
2023-07-21 01:46:00,CG,27.6,85.0,0.4,121
2023-07-21 01:47:00,CG,27.6,86.0,0.5,123
2023-07-21 01:48:00,CG,27.6,86.0,0.5,126
2023-07-21 01:49:00,CG,27.6,86.0,0.5,126
2023-07-21 01:50:00,CG,27.6,86.0,0.5,121
2023-07-21 01:51:00,CG,27.6,86.0,0.4,119
2023-07-21 01:52:00,CG,27.6,86.0,0.4,123
2023-07-21 01:53:00,CG,27.6,87.0,0.5,122
2023-07-21 01:54:00,CG,27.5,87.0,0.5,125
2023-07-21 01:55:00,CG,27.5,86.0,0.5,128
2023-07-21 01:56:00,CG,27.5,87.0,0.5,129
2023-07-21 01:57:00,CG,27.5,87.0,0.4,121
2023-07-21 01:58:00,CG,27.5,87.0,0.4,118
2023-07-21 01:59:00,CG,27.5,87.0,0.4,124
2023-07-21 02:00:00,CG,27.5,87.0,0.4,119
2023-07-21 02:01:00,CG,27.4,87.0,0.3,124
2023-07-21 02:02:00,CG,27.4,88.0,0.3,127
2023-07-21 02:03:00,CG,27.4,88.0,0.3,132
2023-07-21 02:04:00,CG,27.4,88.0,0.4,124
2023-07-21 02:05:00,CG,27.4,89.0,0.4,111
2023-07-21 02:06:00,CG,,,0.4,124
2023-07-21 02:07:00,CG,27.4,89.0,0.4,130
2023-07-21 02:08:00,CG,27.4,89.0,0.4,130
2023-07-21 02:09:00,CG,27.4,90.0,0.5,115
2023-07-21 02:10:00,CG,27.4,90.0,0.5,126
2023-07-21 02:11:00,CG,27.4,90.0,0.5,130
2023-07-21 02:12:00,CG,,,0.5,135
2023-07-21 02:13:00,CG,27.4,90.0,0.5,132
2023-07-21 02:14:00,CG,27.4,90.0,0.4,138
2023-07-21 02:15:00,CG,27.4,90.0,0.4,143
2023-07-21 02:16:00,CG,27.4,90.0,0.4,141
2023-07-21 02:17:00,CG,27.4,90.0,0.4,139
2023-07-21 02:18:00,CG,27.4,90.0,0.3,131
2023-07-21 02:19:00,CG,27.4,90.0,0.3,138
2023-07-21 02:20:00,CG,27.4,90.0,0.3,143
2023-07-21 02:21:00,CG,27.4,90.0,0.4,141
2023-07-21 02:22:00,CG,27.4,91.0,0.4,133
2023-07-21 02:23:00,CG,27.4,91.0,0.4,128
2023-07-21 02:24:00,CG,27.3,91.0,0.4,125
2023-07-21 02:25:00,CG,27.3,91.0,0.4,122
2023-07-21 02:26:00,CG,27.3,91.0,0.4,122
2023-07-21 02:27:00,CG,27.3,91.0,0.5,123
2023-07-21 02:28:00,CG,27.3,91.0,0.5,126
2023-07-21 02:29:00,CG,27.2,91.0,0.6,122
2023-07-21 02:30:00,CG,27.2,91.0,0.6,113
2023-07-21 02:31:00,CG,27.2,91.0,0.5,108
2023-07-21 02:32:00,CG,27.2,92.0,0.5,112
2023-07-21 02:33:00,CG,27.2,92.0,0.5,113
2023-07-21 02:34:00,CG,27.2,92.0,0.5,107
2023-07-21 02:35:00,CG,27.2,92.0,0.5,110
2023-07-21 02:36:00,CG,27.2,92.0,0.5,108
2023-07-21 02:37:00,CG,27.2,92.0,0.5,106
2023-07-21 02:38:00,CG,27.2,92.0,0.5,110
2023-07-21 02:39:00,CG,27.1,92.0,0.5,112
2023-07-21 02:40:00,CG,27.1,92.0,0.5,118
2023-07-21 02:41:00,CG,27.1,91.0,0.6,120
2023-07-21 02:42:00,CG,27.1,91.0,0.7,119
2023-07-21 02:43:00,CG,27.1,91.0,0.8,120
2023-07-21 02:44:00,CG,27.1,91.0,0.8,124
2023-07-21 02:45:00,CG,27.1,91.0,0.8,123
2023-07-21 02:46:00,CG,27.1,91.0,0.8,127
2023-07-21 02:47:00,CG,27.1,91.0,0.8,132
2023-07-21 02:48:00,CG,27.1,91.0,0.8,132
2023-07-21 02:49:00,CG,27.2,91.0,0.7,132
2023-07-21 02:50:00,CG,27.1,90.0,0.7,136
2023-07-21 02:51:00,CG,27.1,90.0,0.6,137
2023-07-21 02:52:00,CG,27.2,90.0,0.5,138
2023-07-21 02:53:00,CG,27.2,89.0,0.5,142
2023-07-21 02:54:00,CG,27.2,89.0,0.4,141
2023-07-21 02:55:00,CG,27.2,89.0,0.4,141
2023-07-21 02:56:00,CG,27.2,89.0,0.4,146
2023-07-21 02:57:00,CG,27.2,88.0,0.4,145
2023-07-21 02:58:00,CG,27.2,88.0,0.4,136
2023-07-21 02:59:00,CG,27.2,89.0,0.4,127
2023-07-21 03:00:00,CG,27.2,88.0,0.4,111
2023-07-21 03:01:00,CG,27.1,89.0,0.4,112
2023-07-21 03:02:00,CG,27.1,89.0,0.5,115
2023-07-21 03:03:00,CG,27.1,89.0,0.5,127
2023-07-21 03:04:00,CG,27.1,89.0,0.5,128
2023-07-21 03:05:00,CG,27.1,89.0,0.5,142
2023-07-21 03:06:00,CG,,,0.4,111
2023-07-21 03:07:00,CG,27.1,89.0,0.4,94
2023-07-21 03:08:00,CG,27.1,89.0,0.4,91
2023-07-21 03:09:00,CG,27.1,89.0,0.5,110
2023-07-21 03:10:00,CG,27.1,89.0,0.5,146
2023-07-21 03:11:00,CG,27.1,89.0,0.6,154
2023-07-21 03:12:00,CG,27.1,89.0,0.5,164
2023-07-21 03:13:00,CG,27.1,89.0,0.4,155
2023-07-21 03:14:00,CG,,,0.4,91
2023-07-21 03:15:00,CG,27.1,89.0,0.5,92
2023-07-21 03:16:00,CG,27.1,89.0,0.5,108
2023-07-21 03:17:00,CG,27.1,89.0,0.6,109
2023-07-21 03:18:00,CG,27.1,89.0,0.6,119
2023-07-21 03:19:00,CG,27.0,89.0,0.6,113
2023-07-21 03:20:00,CG,27.0,89.0,0.6,112
2023-07-21 03:21:00,CG,27.0,89.0,0.6,123
2023-07-21 03:22:00,CG,27.0,89.0,0.6,124
2023-07-21 03:23:00,CG,27.0,89.0,0.6,122
2023-07-21 03:24:00,CG,27.0,89.0,0.7,130
2023-07-21 03:25:00,CG,27.1,89.0,0.7,136
2023-07-21 03:26:00,CG,27.1,89.0,0.6,137
2023-07-21 03:27:00,CG,27.1,89.0,0.7,141
2023-07-21 03:28:00,CG,27.1,89.0,0.7,143
2023-07-21 03:29:00,CG,27.1,89.0,0.7,143
2023-07-21 03:30:00,CG,27.1,89.0,0.7,143
2023-07-21 03:31:00,CG,27.1,89.0,0.7,137
2023-07-21 03:32:00,CG,27.1,89.0,0.6,136
2023-07-21 03:33:00,CG,27.1,89.0,0.6,138
2023-07-21 03:34:00,CG,27.1,89.0,0.7,137
2023-07-21 03:35:00,CG,27.1,89.0,0.6,136
2023-07-21 03:36:00,CG,27.1,89.0,0.7,135
2023-07-21 03:37:00,CG,27.1,89.0,0.7,139
2023-07-21 03:38:00,CG,27.1,89.0,0.7,133
2023-07-21 03:39:00,CG,27.1,89.0,0.7,139
2023-07-21 03:40:00,CG,27.2,89.0,0.7,145
2023-07-21 03:41:00,CG,27.2,89.0,0.6,150
2023-07-21 03:42:00,CG,27.2,89.0,0.6,145
2023-07-21 03:43:00,CG,27.2,89.0,0.6,141
2023-07-21 03:44:00,CG,27.1,89.0,0.6,124
2023-07-21 03:45:00,CG,27.1,89.0,0.5,103
2023-07-21 03:46:00,CG,27.1,89.0,0.4,130
2023-07-21 03:47:00,CG,27.1,89.0,0.4,142
2023-07-21 03:48:00,CG,27.1,89.0,0.5,149
2023-07-21 03:49:00,CG,27.1,89.0,0.5,139
2023-07-21 03:50:00,CG,27.1,89.0,0.6,137
2023-07-21 03:51:00,CG,27.1,89.0,0.6,137
2023-07-21 03:52:00,CG,27.1,89.0,0.7,136
2023-07-21 03:53:00,CG,27.1,89.0,0.7,141
2023-07-21 03:54:00,CG,27.1,89.0,0.7,148
2023-07-21 03:55:00,CG,27.1,90.0,0.8,158
2023-07-21 03:56:00,CG,27.1,89.0,0.8,159
2023-07-21 03:57:00,CG,27.1,89.0,0.7,155
2023-07-21 03:58:00,CG,27.1,89.0,0.7,147
2023-07-21 03:59:00,CG,27.1,89.0,0.6,138
2023-07-21 04:00:00,CG,27.1,89.0,0.5,130
2023-07-21 04:01:00,CG,27.1,89.0,0.6,131
2023-07-21 04:02:00,CG,27.1,89.0,0.6,128
2023-07-21 04:03:00,CG,27.1,89.0,0.6,125
2023-07-21 04:04:00,CG,27.2,89.0,0.6,125
2023-07-21 04:05:00,CG,27.2,89.0,0.6,124
2023-07-21 04:06:00,CG,27.2,89.0,0.6,127
2023-07-21 04:07:00,CG,27.2,90.0,0.6,128
2023-07-21 04:08:00,CG,27.2,90.0,0.6,129
2023-07-21 04:09:00,CG,27.2,90.0,0.7,137
2023-07-21 04:10:00,CG,27.2,90.0,0.6,139
2023-07-21 04:11:00,CG,27.2,89.0,0.6,133
2023-07-21 04:12:00,CG,27.2,89.0,0.6,132
2023-07-21 04:13:00,CG,27.2,89.0,0.6,129
2023-07-21 04:14:00,CG,27.2,89.0,0.6,126
2023-07-21 04:15:00,CG,27.2,89.0,0.6,121
2023-07-21 04:16:00,CG,27.2,89.0,0.6,115
2023-07-21 04:17:00,CG,27.2,89.0,0.6,113
2023-07-21 04:18:00,CG,27.2,89.0,0.6,110
2023-07-21 04:19:00,CG,27.2,89.0,0.6,106
2023-07-21 04:20:00,CG,27.2,89.0,0.6,105
2023-07-21 04:21:00,CG,27.2,90.0,0.7,111
2023-07-21 04:22:00,CG,27.2,90.0,0.7,113
2023-07-21 04:23:00,CG,27.2,90.0,0.7,116
2023-07-21 04:24:00,CG,27.2,90.0,0.8,119
2023-07-21 04:25:00,CG,27.2,90.0,0.9,122
2023-07-21 04:26:00,CG,27.2,90.0,0.9,125
2023-07-21 04:27:00,CG,27.2,90.0,0.9,125
2023-07-21 04:28:00,CG,27.2,90.0,0.8,121
2023-07-21 04:29:00,CG,27.2,90.0,0.8,116
2023-07-21 04:30:00,CG,27.1,90.0,0.8,116
2023-07-21 04:31:00,CG,27.1,91.0,0.8,114
2023-07-21 04:32:00,CG,27.2,91.0,0.7,116
2023-07-21 04:33:00,CG,27.2,91.0,0.8,116
2023-07-21 04:34:00,CG,27.1,91.0,0.8,115
2023-07-21 04:35:00,CG,27.1,91.0,0.7,115
2023-07-21 04:36:00,CG,27.1,91.0,0.7,113
2023-07-21 04:37:00,CG,27.2,91.0,0.7,114
2023-07-21 04:38:00,CG,27.1,91.0,0.7,120
2023-07-21 04:39:00,CG,27.2,91.0,0.7,121
2023-07-21 04:40:00,CG,27.2,91.0,0.7,130
2023-07-21 04:41:00,CG,27.2,91.0,0.6,154
2023-07-21 04:42:00,CG,27.2,91.0,0.5,161
2023-07-21 04:43:00,CG,27.2,91.0,0.4,169
2023-07-21 04:44:00,CG,27.2,91.0,0.3,155
2023-07-21 04:45:00,CG,27.2,90.0,0.3,150
2023-07-21 04:46:00,CG,27.2,90.0,0.3,148
2023-07-21 04:47:00,CG,27.2,90.0,0.4,147
2023-07-21 04:48:00,CG,27.2,91.0,0.5,147
2023-07-21 04:49:00,CG,27.2,90.0,0.6,151
2023-07-21 04:50:00,CG,27.3,90.0,0.6,146
2023-07-21 04:51:00,CG,27.3,90.0,0.6,136
2023-07-21 04:52:00,CG,27.3,90.0,0.6,129
2023-07-21 04:53:00,CG,27.3,90.0,0.7,121
2023-07-21 04:54:00,CG,27.3,90.0,0.7,126
2023-07-21 04:55:00,CG,27.3,90.0,0.8,131
2023-07-21 04:56:00,CG,27.3,90.0,0.8,134
2023-07-21 04:57:00,CG,27.3,91.0,0.7,136
2023-07-21 04:58:00,CG,27.3,90.0,0.7,133
2023-07-21 04:59:00,CG,27.2,90.0,0.7,133
2023-07-21 05:00:00,CG,27.2,90.0,0.7,130
2023-07-21 05:01:00,CG,27.2,91.0,0.8,128
2023-07-21 05:02:00,CG,27.2,91.0,0.8,129
2023-07-21 05:03:00,CG,27.2,91.0,0.8,130
2023-07-21 05:04:00,CG,27.2,91.0,0.8,134
2023-07-21 05:05:00,CG,27.2,91.0,0.8,140
2023-07-21 05:06:00,CG,27.2,91.0,0.7,149
2023-07-21 05:07:00,CG,27.2,91.0,0.7,149
2023-07-21 05:08:00,CG,27.2,91.0,0.6,157
2023-07-21 05:09:00,CG,27.2,91.0,0.6,148
2023-07-21 05:10:00,CG,27.1,91.0,0.5,115
2023-07-21 05:11:00,CG,27.1,91.0,0.4,99
2023-07-21 05:12:00,CG,27.1,91.0,0.4,126
2023-07-21 05:13:00,CG,,,0.4,121
2023-07-21 05:14:00,CG,27.1,91.0,0.5,127
2023-07-21 05:15:00,CG,27.1,91.0,0.4,122
2023-07-21 05:16:00,CG,27.1,92.0,0.5,114
2023-07-21 05:17:00,CG,,,0.4,114
2023-07-21 05:18:00,CG,,,0.5,108
2023-07-21 05:19:00,CG,27.1,92.0,0.5,111
2023-07-21 05:20:00,CG,27.1,91.0,0.6,113
2023-07-21 05:21:00,CG,27.2,92.0,0.6,117
2023-07-21 05:22:00,CG,27.1,92.0,0.6,119
2023-07-21 05:23:00,CG,27.1,92.0,0.7,123
2023-07-21 05:24:00,CG,27.1,91.0,0.7,122
2023-07-21 05:25:00,CG,27.1,91.0,0.7,122
2023-07-21 05:26:00,CG,27.2,91.0,0.7,123
2023-07-21 05:27:00,CG,27.2,91.0,0.7,131
2023-07-21 05:28:00,CG,27.2,91.0,0.7,137
2023-07-21 05:29:00,CG,27.1,90.0,0.7,146
2023-07-21 05:30:00,CG,27.1,90.0,0.7,153
2023-07-21 05:31:00,CG,27.2,90.0,0.7,154
2023-07-21 05:32:00,CG,27.2,90.0,0.7,154
2023-07-21 05:33:00,CG,27.2,90.0,0.6,165
2023-07-21 05:34:00,CG,27.2,90.0,0.6,173
2023-07-21 05:35:00,CG,27.2,90.0,0.7,175
2023-07-21 05:36:00,CG,27.2,90.0,0.8,179
2023-07-21 05:37:00,CG,27.2,90.0,0.8,176
2023-07-21 05:38:00,CG,27.2,90.0,0.7,182
2023-07-21 05:39:00,CG,27.3,91.0,0.7,183
2023-07-21 05:40:00,CG,27.3,91.0,0.7,187
2023-07-21 05:41:00,CG,27.3,90.0,0.7,195
2023-07-21 05:42:00,CG,27.3,90.0,0.8,195
2023-07-21 05:43:00,CG,27.3,90.0,0.8,192
2023-07-21 05:44:00,CG,27.3,90.0,0.7,192
2023-07-21 05:45:00,CG,27.3,90.0,0.7,195
2023-07-21 05:46:00,CG,27.3,90.0,0.7,198
2023-07-21 05:47:00,CG,27.4,90.0,0.7,199
2023-07-21 05:48:00,CG,27.4,90.0,0.7,195
2023-07-21 05:49:00,CG,27.4,90.0,0.7,195
2023-07-21 05:50:00,CG,27.3,90.0,0.6,198
2023-07-21 05:51:00,CG,27.4,90.0,0.6,199
2023-07-21 05:52:00,CG,27.4,90.0,0.6,202
2023-07-21 05:53:00,CG,27.4,90.0,0.6,202
2023-07-21 05:54:00,CG,27.4,90.0,0.6,200
2023-07-21 05:55:00,CG,27.4,90.0,0.5,199
2023-07-21 05:56:00,CG,27.4,90.0,0.5,197
2023-07-21 05:57:00,CG,27.4,90.0,0.5,193
2023-07-21 05:58:00,CG,27.4,90.0,0.5,192
2023-07-21 05:59:00,CG,27.3,89.0,0.5,187
2023-07-21 06:00:00,CG,27.3,89.0,0.5,179
2023-07-21 06:01:00,CG,27.3,89.0,0.5,173
2023-07-21 06:02:00,CG,27.3,89.0,0.5,168
2023-07-21 06:03:00,CG,27.3,89.0,0.5,166
2023-07-21 06:04:00,CG,,,0.5,164
2023-07-21 06:05:00,CG,27.3,89.0,0.5,160
2023-07-21 06:06:00,CG,27.3,89.0,0.6,157
2023-07-21 06:07:00,CG,27.3,89.0,0.6,155
2023-07-21 06:08:00,CG,27.3,90.0,0.6,154
2023-07-21 06:09:00,CG,27.3,90.0,0.6,154
2023-07-21 06:10:00,CG,27.3,90.0,0.6,154
2023-07-21 06:11:00,CG,27.3,90.0,0.5,160
2023-07-21 06:12:00,CG,27.3,90.0,0.5,163
2023-07-21 06:13:00,CG,27.3,90.0,0.5,166
2023-07-21 06:14:00,CG,27.3,90.0,0.4,168
2023-07-21 06:15:00,CG,27.2,90.0,0.4,166
2023-07-21 06:16:00,CG,27.2,90.0,0.4,164
2023-07-21 06:17:00,CG,27.2,90.0,0.4,163
2023-07-21 06:18:00,CG,27.2,90.0,0.4,167
2023-07-21 06:19:00,CG,27.2,90.0,0.4,173
2023-07-21 06:20:00,CG,27.2,90.0,0.5,176
2023-07-21 06:21:00,CG,27.2,90.0,0.5,173
2023-07-21 06:22:00,CG,27.2,90.0,0.5,171
2023-07-21 06:23:00,CG,27.2,90.0,0.6,168
2023-07-21 06:24:00,CG,27.2,90.0,0.6,165
2023-07-21 06:25:00,CG,27.2,90.0,0.6,167
2023-07-21 06:26:00,CG,27.2,90.0,0.6,169
2023-07-21 06:27:00,CG,27.2,90.0,0.7,169
2023-07-21 06:28:00,CG,27.3,90.0,0.8,167
2023-07-21 06:29:00,CG,27.3,90.0,0.8,162
2023-07-21 06:30:00,CG,27.3,90.0,0.8,160
2023-07-21 06:31:00,CG,27.4,90.0,0.8,160
2023-07-21 06:32:00,CG,27.4,89.0,0.9,160
2023-07-21 06:33:00,CG,27.4,89.0,0.9,162
2023-07-21 06:34:00,CG,27.4,89.0,1.0,167
2023-07-21 06:35:00,CG,27.5,89.0,1.0,171
2023-07-21 06:36:00,CG,27.5,89.0,1.0,174
2023-07-21 06:37:00,CG,27.5,89.0,1.0,179
2023-07-21 06:38:00,CG,27.5,89.0,1.0,179
2023-07-21 06:39:00,CG,27.5,89.0,1.0,179
2023-07-21 06:40:00,CG,27.5,89.0,1.0,178
2023-07-21 06:41:00,CG,27.6,89.0,1.0,175
2023-07-21 06:42:00,CG,27.6,89.0,1.0,174
2023-07-21 06:43:00,CG,27.6,89.0,1.0,170
2023-07-21 06:44:00,CG,27.6,89.0,1.0,167
2023-07-21 06:45:00,CG,27.6,89.0,1.1,165
2023-07-21 06:46:00,CG,27.6,88.0,1.1,166
2023-07-21 06:47:00,CG,27.6,88.0,1.1,165
2023-07-21 06:48:00,CG,,,1.0,163
2023-07-21 06:49:00,CG,27.7,88.0,1.0,154
2023-07-21 06:50:00,CG,27.7,88.0,0.9,157
2023-07-21 06:51:00,CG,27.8,89.0,0.9,151
2023-07-21 06:52:00,CG,27.8,89.0,0.8,154
2023-07-21 06:53:00,CG,27.7,89.0,0.8,152
2023-07-21 06:54:00,CG,27.8,89.0,0.8,149
2023-07-21 06:55:00,CG,27.7,89.0,0.7,146
2023-07-21 06:56:00,CG,27.7,89.0,0.7,141
2023-07-21 06:57:00,CG,27.7,89.0,0.7,138
2023-07-21 06:58:00,CG,27.7,88.0,0.8,137
2023-07-21 06:59:00,CG,27.7,88.0,0.9,146
2023-07-21 07:00:00,CG,27.7,88.0,0.9,141
2023-07-21 07:01:00,CG,27.7,89.0,0.9,149
2023-07-21 07:02:00,CG,27.7,88.0,0.9,146
2023-07-21 07:03:00,CG,27.7,88.0,0.9,152
2023-07-21 07:04:00,CG,27.7,88.0,0.8,157
2023-07-21 07:05:00,CG,27.8,88.0,0.8,161
2023-07-21 07:06:00,CG,27.8,88.0,0.7,158
2023-07-21 07:07:00,CG,27.9,89.0,0.6,159
2023-07-21 07:08:00,CG,27.9,89.0,0.5,161
2023-07-21 07:09:00,CG,27.9,88.0,0.5,162
2023-07-21 07:10:00,CG,27.9,88.0,0.5,165
2023-07-21 07:11:00,CG,28.0,88.0,0.4,160
2023-07-21 07:12:00,CG,28.1,89.0,0.4,159
2023-07-21 07:13:00,CG,28.1,89.0,0.5,156
2023-07-21 07:14:00,CG,28.0,88.0,0.5,153
2023-07-21 07:15:00,CG,28.0,87.0,0.6,150
2023-07-21 07:16:00,CG,27.9,85.0,0.7,154
2023-07-21 07:17:00,CG,28.0,85.0,0.7,156
2023-07-21 07:18:00,CG,28.0,85.0,0.7,158
2023-07-21 07:19:00,CG,28.0,85.0,0.8,166
2023-07-21 07:20:00,CG,28.0,85.0,0.8,168
2023-07-21 07:21:00,CG,28.0,86.0,0.8,172
2023-07-21 07:22:00,CG,28.1,86.0,0.8,169
2023-07-21 07:23:00,CG,28.1,86.0,0.8,167
2023-07-21 07:24:00,CG,28.2,87.0,0.7,168
2023-07-21 07:25:00,CG,28.2,87.0,0.6,163
2023-07-21 07:26:00,CG,28.2,87.0,0.6,160
2023-07-21 07:27:00,CG,28.2,87.0,0.7,155
2023-07-21 07:28:00,CG,28.2,86.0,0.7,149
2023-07-21 07:29:00,CG,28.2,86.0,0.7,137
2023-07-21 07:30:00,CG,28.2,87.0,0.7,134
2023-07-21 07:31:00,CG,28.2,87.0,0.7,132
2023-07-21 07:32:00,CG,28.1,86.0,0.7,142
2023-07-21 07:33:00,CG,28.2,86.0,0.7,145
2023-07-21 07:34:00,CG,28.2,87.0,0.7,143
2023-07-21 07:35:00,CG,28.3,87.0,0.7,145
2023-07-21 07:36:00,CG,28.4,87.0,0.7,148
2023-07-21 07:37:00,CG,28.4,86.0,0.7,155
2023-07-21 07:38:00,CG,28.4,86.0,0.8,159
2023-07-21 07:39:00,CG,28.4,85.0,0.8,166
2023-07-21 07:40:00,CG,28.5,85.0,0.8,171
2023-07-21 07:41:00,CG,28.6,87.0,0.8,158
2023-07-21 07:42:00,CG,28.7,86.0,0.8,147
2023-07-21 07:43:00,CG,28.9,87.0,0.8,142
2023-07-21 07:44:00,CG,28.9,86.0,0.8,142
2023-07-21 07:45:00,CG,29.0,85.0,0.9,138
2023-07-21 07:46:00,CG,29.0,84.0,0.8,134
2023-07-21 07:47:00,CG,29.0,84.0,0.8,129
2023-07-21 07:48:00,CG,,,0.7,124
2023-07-21 07:49:00,CG,28.9,83.0,0.7,120
2023-07-21 07:50:00,CG,28.9,83.0,0.8,113
2023-07-21 07:51:00,CG,28.9,83.0,0.8,120
2023-07-21 07:52:00,CG,29.0,84.0,0.8,121
2023-07-21 07:53:00,CG,29.0,84.0,0.9,124
2023-07-21 07:54:00,CG,29.0,83.0,1.0,121
2023-07-21 07:55:00,CG,29.0,83.0,1.0,124
2023-07-21 07:56:00,CG,29.0,82.0,1.1,127
2023-07-21 07:57:00,CG,29.0,83.0,1.1,130
2023-07-21 07:58:00,CG,29.0,83.0,1.1,130
2023-07-21 07:59:00,CG,29.0,83.0,1.1,127
2023-07-21 08:00:00,CG,29.0,82.0,1.0,126
2023-07-21 08:01:00,CG,29.0,82.0,1.0,130
2023-07-21 08:02:00,CG,29.1,82.0,1.1,144
2023-07-21 08:03:00,CG,29.1,82.0,1.0,153
2023-07-21 08:04:00,CG,29.1,82.0,1.0,169
2023-07-21 08:05:00,CG,29.1,83.0,0.9,185
2023-07-21 08:06:00,CG,29.3,83.0,0.7,179
2023-07-21 08:07:00,CG,29.6,82.0,0.7,176
2023-07-21 08:08:00,CG,29.8,82.0,0.7,190
2023-07-21 08:09:00,CG,29.9,81.0,0.6,183
2023-07-21 08:10:00,CG,30.0,81.0,0.6,181
2023-07-21 08:11:00,CG,30.3,82.0,0.6,189
2023-07-21 08:12:00,CG,30.3,79.0,0.7,182
2023-07-21 08:13:00,CG,30.3,79.0,0.6,179
2023-07-21 08:14:00,CG,30.4,80.0,0.6,174
2023-07-21 08:15:00,CG,30.4,79.0,0.8,163
2023-07-21 08:16:00,CG,30.3,78.0,0.8,170
2023-07-21 08:17:00,CG,30.1,78.0,0.8,161
2023-07-21 08:18:00,CG,30.2,79.0,0.8,156
2023-07-21 08:19:00,CG,30.3,80.0,0.8,156
2023-07-21 08:20:00,CG,30.4,78.0,0.8,153
2023-07-21 08:21:00,CG,30.5,78.0,0.8,151
2023-07-21 08:22:00,CG,30.6,77.0,0.7,148
2023-07-21 08:23:00,CG,30.6,76.0,0.6,145
2023-07-21 08:24:00,CG,30.6,78.0,0.7,147
2023-07-21 08:25:00,CG,30.6,75.0,0.6,149
2023-07-21 08:26:00,CG,30.4,74.0,0.6,146
2023-07-21 08:27:00,CG,30.3,78.0,0.7,152
2023-07-21 08:28:00,CG,30.1,77.0,0.8,155
2023-07-21 08:29:00,CG,29.9,77.0,0.9,157
2023-07-21 08:30:00,CG,29.8,78.0,1.0,156
2023-07-21 08:31:00,CG,29.7,79.0,1.1,156
2023-07-21 08:32:00,CG,29.6,78.0,1.1,156
2023-07-21 08:33:00,CG,29.6,79.0,1.2,157
2023-07-21 08:34:00,CG,29.5,80.0,1.1,161
2023-07-21 08:35:00,CG,29.4,80.0,1.2,165
2023-07-21 08:36:00,CG,29.3,80.0,1.1,173
2023-07-21 08:37:00,CG,29.2,80.0,1.1,179
2023-07-21 08:38:00,CG,29.1,80.0,1.0,190
2023-07-21 08:39:00,CG,29.1,81.0,0.9,208
2023-07-21 08:40:00,CG,29.2,80.0,0.8,200
2023-07-21 08:41:00,CG,29.3,81.0,0.7,181
2023-07-21 08:42:00,CG,29.4,81.0,0.7,194
2023-07-21 08:43:00,CG,29.4,80.0,0.8,204
2023-07-21 08:44:00,CG,29.3,79.0,0.7,218
2023-07-21 08:45:00,CG,29.3,79.0,0.7,232
2023-07-21 08:46:00,CG,29.3,79.0,0.7,127
2023-07-21 08:47:00,CG,29.4,80.0,0.7,116
2023-07-21 08:48:00,CG,29.4,82.0,0.8,124
2023-07-21 08:49:00,CG,,,0.8,137
2023-07-21 08:50:00,CG,29.4,81.0,0.8,136
2023-07-21 08:51:00,CG,29.6,81.0,0.8,126
2023-07-21 08:52:00,CG,29.8,80.0,0.7,113
2023-07-21 08:53:00,CG,30.0,80.0,0.7,111
2023-07-21 08:54:00,CG,30.0,79.0,0.8,99
2023-07-21 08:55:00,CG,30.1,79.0,0.9,103
2023-07-21 08:56:00,CG,30.0,79.0,0.8,102
2023-07-21 08:57:00,CG,29.9,81.0,0.9,104
2023-07-21 08:58:00,CG,29.9,79.0,0.8,104
2023-07-21 08:59:00,CG,29.8,78.0,0.9,102
2023-07-21 09:00:00,CG,29.8,78.0,0.8,106
2023-07-21 09:01:00,CG,29.8,79.0,0.9,106
2023-07-21 09:02:00,CG,30.0,80.0,0.9,102
2023-07-21 09:03:00,CG,30.1,82.0,0.8,107
2023-07-21 09:04:00,CG,30.2,81.0,0.8,109
2023-07-21 09:05:00,CG,30.3,80.0,0.8,110
2023-07-21 09:06:00,CG,30.4,80.0,0.8,105
2023-07-21 09:07:00,CG,30.6,79.0,0.9,102
2023-07-21 09:08:00,CG,30.7,78.0,0.9,101
2023-07-21 09:09:00,CG,30.6,77.0,1.0,95
2023-07-21 09:10:00,CG,30.7,78.0,1.1,94
2023-07-21 09:11:00,CG,30.7,76.0,1.2,94
2023-07-21 09:12:00,CG,30.5,78.0,1.3,99
2023-07-21 09:13:00,CG,30.4,78.0,1.4,95
2023-07-21 09:14:00,CG,30.4,78.0,1.4,94
2023-07-21 09:15:00,CG,30.4,79.0,1.3,100
2023-07-21 09:16:00,CG,30.5,80.0,1.4,105
2023-07-21 09:17:00,CG,30.5,78.0,1.4,108
2023-07-21 09:18:00,CG,30.5,77.0,1.3,108
2023-07-21 09:19:00,CG,30.6,79.0,1.3,109
2023-07-21 09:20:00,CG,30.7,79.0,1.1,112
2023-07-21 09:21:00,CG,30.8,79.0,1.0,112
2023-07-21 09:22:00,CG,30.9,79.0,0.9,113
2023-07-21 09:23:00,CG,31.0,79.0,0.8,121
2023-07-21 09:24:00,CG,31.1,78.0,0.8,125
2023-07-21 09:25:00,CG,31.1,77.0,0.8,125
2023-07-21 09:26:00,CG,31.0,76.0,0.7,122
2023-07-21 09:29:00,CG,31.4,77.0,0.7,134
2023-07-21 09:32:00,CG,31.3,75.0,0.8,129
2023-07-21 09:33:00,CG,31.4,76.0,0.8,129
2023-07-21 09:34:00,CG,31.5,76.0,0.8,130
2023-07-21 09:35:00,CG,31.6,76.0,0.9,125
2023-07-21 09:36:00,CG,31.6,73.0,1.0,126
2023-07-21 09:37:00,CG,31.5,73.0,1.1,122
2023-07-21 09:38:00,CG,31.4,76.0,1.1,117
2023-07-21 09:42:00,CG,31.3,76.0,1.3,121
2023-07-21 09:43:00,CG,31.3,77.0,1.3,115
2023-07-21 09:44:00,CG,31.4,74.0,1.5,112
2023-07-21 09:45:00,CG,31.2,72.0,1.4,113
2023-07-21 09:46:00,CG,31.0,74.0,1.4,110
2023-07-21 09:47:00,CG,30.8,74.0,1.3,117
2023-07-21 09:48:00,CG,30.7,75.0,1.3,121
2023-07-21 09:49:00,CG,30.7,75.0,1.2,119
2023-07-21 09:50:00,CG,30.8,76.0,1.1,117
2023-07-21 09:51:00,CG,31.0,76.0,1.0,125
2023-07-21 09:52:00,CG,31.1,76.0,1.0,125
2023-07-21 09:53:00,CG,31.2,76.0,1.1,126
2023-07-21 09:54:00,CG,31.4,75.0,0.9,129
2023-07-21 09:55:00,CG,31.4,75.0,0.9,123
2023-07-21 09:56:00,CG,31.5,76.0,0.9,125
2023-07-21 09:57:00,CG,31.6,75.0,0.9,118
2023-07-21 09:58:00,CG,31.7,74.0,1.0,116
2023-07-21 09:59:00,CG,31.7,73.0,1.1,116
2023-07-21 10:00:00,CG,31.6,74.0,1.2,114
2023-07-21 10:01:00,CG,31.7,74.0,1.3,106
2023-07-21 10:02:00,CG,31.6,73.0,1.3,105
2023-07-21 10:03:00,CG,31.7,75.0,1.4,107
2023-07-21 10:04:00,CG,31.9,74.0,1.4,106
2023-07-21 10:05:00,CG,31.8,74.0,1.4,113
2023-07-21 10:06:00,CG,31.7,73.0,1.4,121
2023-07-21 10:07:00,CG,31.7,73.0,1.3,125
2023-07-21 10:08:00,CG,31.7,72.0,1.2,124
2023-07-21 10:09:00,CG,,,1.2,126
2023-07-21 10:10:00,CG,31.8,70.0,1.2,129
2023-07-21 10:11:00,CG,31.9,72.0,1.2,130
2023-07-21 10:12:00,CG,31.8,72.0,1.3,130
2023-07-21 10:13:00,CG,31.6,71.0,1.4,133
2023-07-21 10:14:00,CG,31.6,73.0,1.4,133
2023-07-21 10:15:00,CG,31.7,75.0,1.3,136
2023-07-21 10:16:00,CG,31.8,75.0,1.3,130
2023-07-21 10:17:00,CG,31.9,72.0,1.4,130
2023-07-21 10:18:00,CG,31.9,72.0,1.4,129
2023-07-21 10:19:00,CG,32.1,72.0,1.4,125
2023-07-21 10:20:00,CG,32.1,71.0,1.5,124
2023-07-21 10:21:00,CG,,,1.4,123
2023-07-21 10:22:00,CG,31.8,73.0,1.2,121
2023-07-21 10:23:00,CG,31.9,74.0,1.1,120
2023-07-21 10:24:00,CG,32.0,73.0,1.1,119
2023-07-21 10:25:00,CG,31.9,70.0,1.2,112
2023-07-21 10:26:00,CG,31.9,72.0,1.3,111
2023-07-21 10:27:00,CG,31.6,69.0,1.3,106
2023-07-21 10:28:00,CG,31.6,74.0,1.3,108
2023-07-21 10:29:00,CG,31.7,74.0,1.1,115
2023-07-21 10:30:00,CG,31.9,74.0,1.1,116
2023-07-21 10:31:00,CG,31.9,72.0,1.0,120
2023-07-21 10:32:00,CG,32.0,71.0,1.0,129
2023-07-21 10:33:00,CG,31.8,70.0,1.0,131
2023-07-21 10:34:00,CG,31.9,71.0,1.0,129
2023-07-21 10:35:00,CG,32.0,73.0,0.9,130
2023-07-21 10:36:00,CG,,,0.8,135
2023-07-21 10:37:00,CG,32.0,74.0,0.7,133
2023-07-21 10:38:00,CG,32.1,74.0,0.8,131
2023-07-21 10:39:00,CG,32.2,71.0,0.9,123
2023-07-21 10:40:00,CG,32.3,70.0,0.8,124
2023-07-21 10:41:00,CG,32.4,70.0,0.8,130
2023-07-21 10:42:00,CG,32.4,69.0,0.8,125
2023-07-21 10:43:00,CG,32.3,70.0,0.9,121
2023-07-21 10:44:00,CG,32.3,71.0,0.9,109
2023-07-21 10:45:00,CG,32.3,70.0,0.8,110
2023-07-21 10:46:00,CG,32.3,70.0,0.8,134
2023-07-21 10:47:00,CG,,,0.9,140
2023-07-21 10:48:00,CG,32.1,69.0,0.9,139
2023-07-21 10:49:00,CG,32.0,69.0,1.1,136
2023-07-21 10:50:00,CG,31.9,68.0,1.2,128
2023-07-21 10:51:00,CG,31.6,70.0,1.3,137
2023-07-21 10:52:00,CG,31.7,70.0,1.3,132
2023-07-21 10:53:00,CG,31.7,71.0,1.3,138
2023-07-21 10:54:00,CG,31.8,71.0,1.2,140
2023-07-21 10:55:00,CG,31.9,70.0,1.2,136
2023-07-21 10:56:00,CG,32.0,70.0,1.2,133
2023-07-21 10:57:00,CG,32.1,69.0,1.1,132
2023-07-21 10:58:00,CG,32.2,71.0,1.0,131
2023-07-21 10:59:00,CG,32.3,71.0,0.8,118
2023-07-21 11:00:00,CG,32.2,69.0,0.7,120
2023-07-21 11:01:00,CG,32.1,69.0,0.7,124
2023-07-21 11:02:00,CG,32.1,71.0,0.6,128
2023-07-21 11:03:00,CG,32.1,70.0,0.7,122
2023-07-21 11:04:00,CG,32.1,72.0,0.9,123
2023-07-21 11:05:00,CG,31.9,68.0,1.1,122
2023-07-21 11:06:00,CG,31.7,69.0,1.2,123
2023-07-21 11:07:00,CG,31.6,70.0,1.4,123
2023-07-21 11:08:00,CG,31.5,72.0,1.5,122
2023-07-21 11:09:00,CG,31.5,72.0,1.7,126
2023-07-21 11:10:00,CG,31.4,73.0,1.7,123
2023-07-21 11:11:00,CG,31.6,73.0,1.7,124
2023-07-21 11:12:00,CG,31.7,73.0,1.9,123
2023-07-21 11:13:00,CG,31.6,72.0,1.9,124
2023-07-21 11:14:00,CG,31.5,72.0,1.9,123
2023-07-21 11:15:00,CG,31.4,70.0,1.8,125
2023-07-21 11:16:00,CG,31.5,73.0,1.7,126
2023-07-21 11:17:00,CG,31.5,74.0,1.7,125
2023-07-21 11:18:00,CG,31.6,72.0,1.7,124
2023-07-21 11:19:00,CG,31.6,70.0,1.6,124
2023-07-21 11:20:00,CG,31.6,69.0,1.7,127
2023-07-21 11:21:00,CG,31.5,72.0,1.7,125
2023-07-21 11:22:00,CG,31.5,72.0,1.7,121
2023-07-21 11:23:00,CG,31.4,73.0,1.8,114
2023-07-21 11:24:00,CG,31.4,72.0,1.8,114
2023-07-21 11:25:00,CG,31.2,73.0,1.9,109
2023-07-21 11:26:00,CG,,,1.9,105
2023-07-21 11:27:00,CG,31.2,73.0,2.1,105
2023-07-21 11:28:00,CG,31.1,71.0,2.1,103
2023-07-21 11:29:00,CG,31.1,73.0,2.1,101
2023-07-21 11:30:00,CG,31.1,73.0,2.2,97
2023-07-21 11:31:00,CG,31.0,73.0,2.4,99
2023-07-21 11:32:00,CG,31.0,72.0,2.3,100
2023-07-21 11:33:00,CG,31.1,74.0,2.3,102
2023-07-21 11:34:00,CG,31.1,73.0,2.4,101
2023-07-21 11:35:00,CG,31.1,72.0,2.4,103
2023-07-21 11:36:00,CG,31.1,72.0,2.5,104
2023-07-21 11:37:00,CG,,,2.5,103
2023-07-21 11:38:00,CG,31.3,74.0,2.4,105
2023-07-21 11:39:00,CG,31.4,73.0,2.4,106
2023-07-21 11:40:00,CG,31.4,72.0,2.2,112
2023-07-21 11:41:00,CG,31.5,73.0,2.1,113
2023-07-21 11:42:00,CG,31.6,73.0,2.0,114
2023-07-21 11:43:00,CG,31.8,72.0,2.0,116
2023-07-21 11:44:00,CG,31.7,68.0,1.9,119
2023-07-21 11:45:00,CG,31.7,69.0,2.0,120
2023-07-21 11:46:00,CG,31.6,70.0,2.1,118
2023-07-21 11:47:00,CG,31.6,71.0,2.0,120
2023-07-21 11:48:00,CG,31.7,72.0,1.9,120
2023-07-21 11:49:00,CG,31.7,72.0,1.9,120
2023-07-21 11:50:00,CG,31.7,69.0,2.1,116
2023-07-21 11:51:00,CG,31.6,70.0,2.1,114
2023-07-21 11:52:00,CG,31.6,72.0,2.1,114
2023-07-21 11:53:00,CG,31.8,73.0,2.0,111
2023-07-21 11:54:00,CG,31.9,70.0,2.0,108
2023-07-21 11:55:00,CG,31.9,70.0,1.8,108
2023-07-21 11:56:00,CG,31.9,69.0,1.8,108
2023-07-21 11:57:00,CG,31.8,71.0,1.8,108
2023-07-21 11:58:00,CG,31.8,68.0,1.9,109
2023-07-21 11:59:00,CG,31.8,69.0,1.9,108
2023-07-21 12:00:00,CG,31.8,70.0,1.9,109
2023-07-21 12:01:00,CG,31.8,67.0,1.9,110
2023-07-21 12:02:00,CG,,,1.9,111
2023-07-21 12:03:00,CG,,,2.0,112
2023-07-21 12:04:00,CG,31.6,70.0,2.0,113
2023-07-21 12:05:00,CG,31.5,71.0,2.1,114
2023-07-21 12:06:00,CG,31.5,71.0,2.0,115
2023-07-21 12:07:00,CG,31.6,70.0,2.1,114
2023-07-21 12:08:00,CG,31.6,70.0,2.1,113
2023-07-21 12:09:00,CG,31.5,70.0,2.1,114
2023-07-21 12:10:00,CG,31.5,70.0,2.0,114
2023-07-21 12:11:00,CG,31.5,71.0,2.0,114
2023-07-21 12:12:00,CG,31.6,71.0,2.0,112
2023-07-21 12:13:00,CG,31.7,72.0,2.0,111
2023-07-21 12:14:00,CG,31.8,72.0,1.9,112
2023-07-21 12:15:00,CG,32.0,71.0,1.8,113
2023-07-21 12:16:00,CG,32.0,70.0,1.8,111
2023-07-21 12:17:00,CG,32.0,71.0,1.7,111
2023-07-21 12:18:00,CG,31.9,70.0,1.7,111
2023-07-21 12:19:00,CG,31.9,69.0,1.7,110
2023-07-21 12:20:00,CG,31.9,69.0,1.7,109
2023-07-21 12:21:00,CG,31.8,70.0,1.6,108
2023-07-21 12:22:00,CG,31.8,69.0,1.6,109
2023-07-21 12:23:00,CG,31.8,70.0,1.6,108
2023-07-21 12:24:00,CG,31.8,70.0,1.6,109
2023-07-21 12:25:00,CG,31.7,70.0,1.7,108
2023-07-21 12:26:00,CG,31.6,71.0,1.7,110
2023-07-21 12:27:00,CG,31.5,70.0,1.7,110
2023-07-21 12:28:00,CG,31.4,72.0,1.6,112
2023-07-21 12:29:00,CG,31.4,70.0,1.6,114
2023-07-21 12:30:00,CG,31.3,70.0,1.6,111
2023-07-21 12:31:00,CG,31.3,72.0,1.6,110
2023-07-21 12:32:00,CG,31.4,72.0,1.6,115
2023-07-21 12:33:00,CG,31.4,71.0,1.6,118
2023-07-21 12:34:00,CG,31.5,70.0,1.6,117
2023-07-21 12:35:00,CG,31.5,70.0,1.6,116
2023-07-21 12:36:00,CG,31.6,70.0,1.7,114
2023-07-21 12:37:00,CG,,,1.7,112
2023-07-21 12:38:00,CG,31.6,70.0,1.8,111
2023-07-21 12:39:00,CG,31.6,68.0,1.8,109
2023-07-21 12:40:00,CG,31.7,70.0,1.8,112
2023-07-21 12:41:00,CG,31.9,70.0,1.9,113
2023-07-21 12:42:00,CG,31.8,69.0,2.0,107
2023-07-21 12:43:00,CG,31.7,69.0,2.0,102
2023-07-21 12:44:00,CG,31.7,71.0,1.9,104
2023-07-21 12:45:00,CG,31.8,71.0,1.9,105
2023-07-21 12:46:00,CG,32.0,69.0,1.8,106
2023-07-21 12:47:00,CG,32.0,67.0,1.9,108
2023-07-21 12:48:00,CG,,,1.8,107
2023-07-21 12:49:00,CG,32.1,66.0,1.8,108
2023-07-21 12:50:00,CG,32.1,68.0,1.8,108
2023-07-21 12:51:00,CG,32.2,69.0,1.7,108
2023-07-21 12:52:00,CG,32.3,68.0,1.7,113
2023-07-21 12:53:00,CG,32.4,67.0,1.6,116
2023-07-21 12:54:00,CG,32.5,67.0,1.8,111
2023-07-21 12:55:00,CG,32.4,65.0,1.8,111
2023-07-21 12:56:00,CG,32.2,68.0,1.8,111
2023-07-21 12:57:00,CG,32.2,69.0,1.7,112
2023-07-21 12:58:00,CG,32.3,69.0,1.6,115
2023-07-21 12:59:00,CG,32.3,69.0,1.5,117
2023-07-21 13:00:00,CG,32.5,69.0,1.4,121
2023-07-21 13:01:00,CG,32.6,67.0,1.4,131
2023-07-21 13:02:00,CG,32.7,65.0,1.3,135
2023-07-21 13:03:00,CG,32.8,62.0,1.3,141
2023-07-21 13:04:00,CG,32.8,63.0,1.1,134
2023-07-21 13:05:00,CG,32.9,63.0,1.0,150
2023-07-21 13:06:00,CG,,,1.0,163
2023-07-21 13:07:00,CG,33.0,64.0,1.0,143
2023-07-21 13:08:00,CG,33.0,64.0,0.9,132
2023-07-21 13:09:00,CG,33.0,63.0,0.8,138
2023-07-21 13:10:00,CG,33.0,64.0,0.9,139
2023-07-21 13:11:00,CG,33.0,67.0,0.9,134
2023-07-21 13:12:00,CG,33.0,65.0,1.0,140
2023-07-21 13:13:00,CG,33.0,66.0,1.0,138
2023-07-21 13:14:00,CG,33.0,66.0,1.0,136
2023-07-21 13:15:00,CG,33.1,66.0,1.0,133
2023-07-21 13:16:00,CG,33.1,66.0,1.0,136
2023-07-21 13:17:00,CG,33.1,66.0,1.0,139
2023-07-21 13:18:00,CG,33.1,67.0,1.1,142
2023-07-21 13:19:00,CG,33.1,64.0,1.1,138
2023-07-21 13:20:00,CG,33.2,64.0,1.1,138
2023-07-21 13:21:00,CG,33.1,64.0,1.2,135
2023-07-21 13:22:00,CG,33.0,64.0,1.2,132
2023-07-21 13:23:00,CG,32.8,66.0,1.2,128
2023-07-21 13:24:00,CG,32.8,67.0,1.3,125
2023-07-21 13:25:00,CG,33.0,66.0,1.4,119
2023-07-21 13:26:00,CG,33.0,66.0,1.4,117
2023-07-21 13:27:00,CG,32.9,65.0,1.4,116
2023-07-21 13:28:00,CG,32.9,65.0,1.5,114
2023-07-21 13:29:00,CG,32.8,67.0,1.4,117
2023-07-21 13:30:00,CG,32.8,65.0,1.4,118
2023-07-21 13:31:00,CG,32.8,65.0,1.4,116
2023-07-21 13:32:00,CG,32.9,66.0,1.4,113
2023-07-21 13:33:00,CG,32.9,66.0,1.4,116
2023-07-21 13:34:00,CG,33.0,66.0,1.4,118
2023-07-21 13:35:00,CG,32.9,64.0,1.5,120
2023-07-21 13:36:00,CG,,,1.6,119
2023-07-21 13:37:00,CG,32.9,64.0,1.6,119
2023-07-21 13:38:00,CG,32.8,63.0,1.6,121
2023-07-21 13:39:00,CG,32.7,65.0,1.7,118
2023-07-21 13:40:00,CG,32.8,65.0,1.6,118
2023-07-21 13:41:00,CG,32.8,65.0,1.7,120
2023-07-21 13:42:00,CG,32.8,66.0,1.8,119
2023-07-21 13:43:00,CG,32.8,65.0,1.8,119
2023-07-21 13:44:00,CG,32.8,64.0,1.8,119
2023-07-21 13:45:00,CG,32.7,63.0,1.9,116
2023-07-21 13:46:00,CG,32.6,66.0,1.9,114
2023-07-21 13:47:00,CG,32.7,65.0,1.8,113
2023-07-21 13:48:00,CG,32.7,65.0,1.8,114
2023-07-21 13:49:00,CG,32.7,65.0,1.9,114
2023-07-21 13:50:00,CG,32.6,66.0,1.9,111
2023-07-21 13:51:00,CG,32.6,66.0,2.0,110
2023-07-21 13:52:00,CG,32.6,66.0,2.0,109
2023-07-21 13:53:00,CG,32.5,66.0,2.1,109
2023-07-21 13:54:00,CG,,,2.2,108
2023-07-21 13:55:00,CG,32.4,64.0,2.2,110
2023-07-21 13:56:00,CG,,,2.2,111
2023-07-21 13:57:00,CG,32.3,67.0,2.1,110
2023-07-21 13:58:00,CG,32.4,67.0,2.2,107
2023-07-21 13:59:00,CG,32.6,67.0,2.1,108
2023-07-21 14:00:00,CG,32.7,66.0,2.1,109
2023-07-21 14:01:00,CG,32.8,64.0,2.0,108
2023-07-21 14:02:00,CG,32.7,64.0,2.1,108
2023-07-21 14:03:00,CG,32.6,65.0,2.1,107
2023-07-21 14:04:00,CG,32.6,65.0,1.9,107
2023-07-21 14:05:00,CG,32.6,64.0,1.9,107
2023-07-21 14:06:00,CG,32.6,65.0,1.8,105
2023-07-21 14:07:00,CG,32.7,65.0,1.9,105
2023-07-21 14:08:00,CG,32.8,64.0,1.7,109
2023-07-21 14:09:00,CG,33.0,64.0,1.7,107
2023-07-21 14:10:00,CG,33.1,65.0,1.7,106
2023-07-21 14:11:00,CG,33.1,66.0,1.6,108
2023-07-21 14:12:00,CG,33.2,65.0,1.5,109
2023-07-21 14:13:00,CG,33.1,61.0,1.5,110
2023-07-21 14:14:00,CG,32.9,62.0,1.6,109
2023-07-21 14:15:00,CG,32.8,65.0,1.5,109
2023-07-21 14:16:00,CG,32.9,65.0,1.5,110
2023-07-21 14:17:00,CG,32.9,65.0,1.6,111
2023-07-21 14:18:00,CG,32.9,64.0,1.6,110
2023-07-21 14:19:00,CG,32.7,63.0,1.8,111
2023-07-21 14:20:00,CG,32.6,64.0,1.9,112
2023-07-21 14:21:00,CG,32.6,64.0,1.9,112
2023-07-21 14:22:00,CG,32.6,66.0,1.9,113
2023-07-21 14:23:00,CG,32.6,65.0,1.8,115
2023-07-21 14:24:00,CG,32.7,65.0,1.8,116
2023-07-21 14:25:00,CG,32.7,64.0,1.9,117
2023-07-21 14:26:00,CG,32.7,64.0,1.9,118
2023-07-21 14:27:00,CG,32.6,64.0,1.9,119
2023-07-21 14:28:00,CG,32.6,66.0,1.8,119
2023-07-21 14:29:00,CG,32.7,66.0,1.7,119
2023-07-21 14:30:00,CG,32.8,65.0,1.6,119
2023-07-21 14:31:00,CG,32.9,65.0,1.6,118
2023-07-21 14:32:00,CG,32.9,64.0,1.6,118
2023-07-21 14:33:00,CG,33.0,64.0,1.5,116
2023-07-21 14:34:00,CG,33.1,64.0,1.3,118
2023-07-21 14:35:00,CG,33.1,63.0,1.3,127
2023-07-21 14:36:00,CG,32.9,62.0,1.3,126
2023-07-21 14:37:00,CG,32.8,64.0,1.3,121
2023-07-21 14:38:00,CG,32.8,62.0,1.2,122
2023-07-21 14:39:00,CG,32.9,64.0,1.2,117
2023-07-21 14:40:00,CG,33.1,64.0,1.2,119
2023-07-21 14:41:00,CG,33.2,64.0,1.2,126
2023-07-21 14:42:00,CG,33.3,62.0,1.3,120
2023-07-21 14:43:00,CG,33.0,61.0,1.4,116
2023-07-21 14:44:00,CG,33.0,61.0,1.3,109
2023-07-21 14:45:00,CG,33.1,62.0,1.2,104
2023-07-21 14:46:00,CG,33.1,62.0,1.2,111
2023-07-21 14:47:00,CG,33.2,62.0,1.2,111
2023-07-21 14:48:00,CG,33.1,60.0,1.2,113
2023-07-21 14:49:00,CG,33.1,62.0,1.3,115
2023-07-21 14:50:00,CG,33.0,62.0,1.3,113
2023-07-21 14:51:00,CG,33.0,62.0,1.3,103
2023-07-21 14:52:00,CG,33.1,62.0,1.2,107
2023-07-21 14:53:00,CG,33.1,61.0,1.2,111
2023-07-21 14:54:00,CG,33.1,62.0,1.2,114
2023-07-21 14:55:00,CG,33.0,63.0,1.3,118
2023-07-21 14:56:00,CG,33.0,65.0,1.3,115
2023-07-21 14:57:00,CG,33.0,64.0,1.4,109
2023-07-21 14:58:00,CG,33.0,65.0,1.4,110
2023-07-21 14:59:00,CG,33.0,64.0,1.4,111
2023-07-21 15:00:00,CG,33.1,64.0,1.4,108
2023-07-21 15:01:00,CG,33.0,62.0,1.5,112
2023-07-21 15:02:00,CG,32.9,63.0,1.5,109
2023-07-21 15:03:00,CG,33.0,63.0,1.5,110
2023-07-21 15:04:00,CG,33.0,62.0,1.5,111
2023-07-21 15:05:00,CG,33.0,63.0,1.6,109
2023-07-21 15:06:00,CG,33.1,62.0,1.5,110
2023-07-21 15:07:00,CG,33.2,63.0,1.5,115
2023-07-21 15:08:00,CG,33.1,63.0,1.5,117
2023-07-21 15:09:00,CG,33.1,65.0,1.4,124
2023-07-21 15:10:00,CG,33.2,64.0,1.3,127
2023-07-21 15:11:00,CG,33.1,64.0,1.3,129
2023-07-21 15:12:00,CG,33.0,65.0,1.2,131
2023-07-21 15:13:00,CG,33.0,63.0,1.2,127
2023-07-21 15:14:00,CG,32.9,64.0,1.2,125
2023-07-21 15:15:00,CG,32.9,63.0,1.2,131
2023-07-21 15:16:00,CG,33.0,63.0,1.2,144
2023-07-21 15:17:00,CG,33.1,63.0,1.1,145
2023-07-21 15:18:00,CG,33.2,61.0,1.1,149
2023-07-21 15:19:00,CG,33.3,64.0,1.1,149
2023-07-21 15:20:00,CG,33.4,62.0,1.0,157
2023-07-21 15:21:00,CG,33.6,63.0,1.0,176
2023-07-21 15:22:00,CG,33.8,61.0,0.9,185
2023-07-21 15:23:00,CG,33.9,61.0,0.8,133
2023-07-21 15:24:00,CG,33.8,62.0,0.7,103
2023-07-21 15:25:00,CG,33.7,61.0,0.7,325
2023-07-21 15:26:00,CG,33.4,63.0,0.7,94
2023-07-21 15:27:00,CG,33.3,63.0,0.7,145
2023-07-21 15:28:00,CG,33.5,62.0,0.7,209
2023-07-21 15:29:00,CG,33.7,61.0,0.7,212
2023-07-21 15:30:00,CG,33.8,61.0,0.7,213
2023-07-21 15:31:00,CG,33.9,61.0,0.8,198
2023-07-21 15:32:00,CG,33.8,59.0,0.8,212
2023-07-21 15:33:00,CG,33.7,61.0,0.8,284
2023-07-21 15:34:00,CG,33.7,63.0,0.9,331
2023-07-21 15:35:00,CG,33.6,62.0,0.9,166
2023-07-21 15:36:00,CG,33.6,60.0,1.0,196
2023-07-21 15:37:00,CG,33.5,59.0,1.1,230
2023-07-21 15:38:00,CG,33.3,60.0,1.1,246
2023-07-21 15:39:00,CG,,,1.0,243
2023-07-21 15:40:00,CG,33.5,60.0,1.0,222
2023-07-21 15:41:00,CG,33.6,60.0,1.0,232
2023-07-21 15:42:00,CG,33.5,61.0,1.1,225
2023-07-21 15:43:00,CG,33.5,60.0,1.3,208
2023-07-21 15:44:00,CG,33.4,62.0,1.3,216
2023-07-21 15:45:00,CG,33.4,62.0,1.2,219
2023-07-21 15:46:00,CG,33.5,61.0,1.3,217
2023-07-21 15:47:00,CG,33.5,60.0,1.3,211
2023-07-21 15:48:00,CG,,,1.4,206
2023-07-21 15:49:00,CG,33.5,60.0,1.6,208
2023-07-21 15:50:00,CG,33.3,61.0,1.6,207
2023-07-21 15:51:00,CG,33.2,61.0,1.7,205
2023-07-21 15:52:00,CG,33.1,61.0,1.7,205
2023-07-21 15:53:00,CG,33.0,62.0,1.8,206
2023-07-21 15:54:00,CG,32.9,61.0,1.9,204
2023-07-21 15:55:00,CG,32.8,62.0,2.0,204
2023-07-21 15:56:00,CG,32.8,63.0,2.1,207
2023-07-21 15:57:00,CG,32.7,62.0,2.2,210
2023-07-21 15:58:00,CG,32.6,64.0,2.2,211
2023-07-21 15:59:00,CG,32.7,64.0,2.2,209
2023-07-21 16:00:00,CG,32.8,62.0,2.2,208
2023-07-21 16:01:00,CG,32.8,63.0,2.2,207
2023-07-21 16:02:00,CG,32.9,64.0,2.2,205
2023-07-21 16:03:00,CG,33.1,63.0,2.1,203
2023-07-21 16:04:00,CG,,,2.1,202
2023-07-21 16:05:00,CG,33.0,62.0,2.1,202
2023-07-21 16:06:00,CG,32.9,63.0,2.0,199
2023-07-21 16:07:00,CG,33.0,63.0,1.9,195
2023-07-21 16:08:00,CG,33.0,63.0,1.8,195
2023-07-21 16:09:00,CG,33.0,65.0,1.7,193
2023-07-21 16:10:00,CG,33.1,64.0,1.6,191
2023-07-21 16:11:00,CG,33.3,63.0,1.5,186
2023-07-21 16:12:00,CG,33.3,63.0,1.4,183
2023-07-21 16:13:00,CG,33.3,63.0,1.5,184
2023-07-21 16:14:00,CG,33.1,63.0,1.5,188
2023-07-21 16:15:00,CG,32.9,62.0,1.5,189
2023-07-21 16:16:00,CG,32.8,64.0,1.4,192
2023-07-21 16:17:00,CG,32.9,65.0,1.3,193
2023-07-21 16:18:00,CG,32.9,66.0,1.3,184
2023-07-21 16:19:00,CG,33.0,65.0,1.3,188
2023-07-21 16:20:00,CG,33.0,64.0,1.4,192
2023-07-21 16:21:00,CG,33.0,64.0,1.4,187
2023-07-21 16:22:00,CG,32.9,65.0,1.4,189
2023-07-21 16:23:00,CG,33.0,65.0,1.3,185
2023-07-21 16:24:00,CG,33.0,64.0,1.2,183
2023-07-21 16:25:00,CG,32.8,63.0,1.2,178
2023-07-21 16:26:00,CG,32.7,64.0,1.2,171
2023-07-21 16:27:00,CG,32.6,65.0,1.3,167
2023-07-21 16:28:00,CG,32.5,65.0,1.3,167
2023-07-21 16:29:00,CG,32.4,65.0,1.5,161
2023-07-21 16:30:00,CG,32.3,65.0,1.5,159
2023-07-21 16:31:00,CG,32.4,66.0,1.6,162
2023-07-21 16:32:00,CG,32.4,65.0,1.7,160
2023-07-21 16:33:00,CG,32.4,65.0,1.8,159
2023-07-21 16:34:00,CG,32.3,65.0,1.8,159
2023-07-21 16:35:00,CG,32.4,66.0,1.8,158
2023-07-21 16:36:00,CG,32.4,65.0,1.9,162
2023-07-21 16:37:00,CG,32.3,65.0,1.9,165
2023-07-21 16:38:00,CG,32.3,66.0,1.8,164
2023-07-21 16:39:00,CG,32.4,66.0,1.7,166
2023-07-21 16:40:00,CG,32.4,65.0,1.8,165
2023-07-21 16:41:00,CG,32.3,66.0,1.8,166
2023-07-21 16:42:00,CG,32.4,66.0,1.7,163
2023-07-21 16:43:00,CG,32.4,66.0,1.6,162
2023-07-21 16:44:00,CG,32.4,66.0,1.7,159
2023-07-21 16:45:00,CG,32.4,66.0,1.8,157
2023-07-21 16:46:00,CG,32.3,65.0,1.8,154
2023-07-21 16:47:00,CG,32.2,66.0,1.9,150
2023-07-21 16:48:00,CG,32.1,66.0,1.9,150
2023-07-21 16:49:00,CG,32.1,66.0,1.8,150
2023-07-21 16:50:00,CG,32.2,67.0,1.7,149
2023-07-21 16:51:00,CG,32.3,67.0,1.8,147
2023-07-21 16:52:00,CG,32.2,65.0,1.8,151
2023-07-21 16:53:00,CG,32.1,66.0,1.9,153
2023-07-21 16:54:00,CG,32.0,66.0,1.9,154
